# This file uses centimeters as units for non-parametric coordinates.

mtllib 3D_House_Front.mtl
g default
v -1.100000 0.720000 0.156389
v 1.100000 0.720000 0.156389
v -1.120000 0.750000 0.156389
v 1.120000 0.750000 0.156389
v -1.120000 0.750000 -1.443611
v 1.120000 0.750000 -1.443611
v -1.100000 0.720000 -1.443611
v 1.100000 0.720000 -1.443611
v 0.000000 1.319418 0.156389
v 0.000000 1.319418 -1.443611
v 0.000000 1.279418 -1.443611
v 0.000000 1.279418 0.156389
v 0.081534 1.277965 0.156389
v 0.080078 1.238693 0.156389
v 0.080078 1.238693 -1.443611
v 0.081534 1.277965 -1.443611
v -0.081534 1.277965 -1.443611
v -0.080078 1.238693 -1.443611
v -0.080078 1.238693 0.156389
v -0.081534 1.277965 0.156389
v 0.000000 1.347504 0.156389
v 0.086302 1.284508 0.156389
v 0.086302 1.284508 -1.443611
v 0.000000 1.347504 -1.443611
v -0.086302 1.284508 0.156389
v -0.086302 1.284508 -1.443611
vt 0.397768 0.462806
vt 0.049891 0.481641
vt 0.238765 0.577695
vt 0.000000 0.696985
vt 0.215695 0.993310
vt 0.046187 0.548982
vt 0.788104 1.000000
vt 1.000000 1.000000
vt 0.238495 0.584967
vt 0.542934 1.000000
vt 0.238495 0.646753
vt 0.474038 0.696985
vt 0.238765 0.639480
vt 0.258343 0.696985
vt 0.049891 0.543426
vt 0.754830 0.703704
vt 0.046187 0.487196
vt 0.268693 0.584967
vt 0.771467 1.000000
vt 0.268424 0.639480
vt 0.237017 0.696985
vt 0.256841 0.696985
vt 0.268693 0.646753
vt 0.461001 0.548982
vt 0.217196 0.993310
vt 0.268424 0.577695
vt 1.000000 0.703704
vt 0.457298 0.481641
vt 0.788104 0.703704
vt 0.771467 0.703704
vt 0.461002 0.487196
vt 0.101472 0.417280
vt 0.542934 0.703704
vt 0.397768 0.417280
vt 0.457298 0.543426
vt 0.253594 0.647022
vt 0.253594 0.654429
vt 0.754830 1.000000
vt 0.253594 0.659630
vt 0.101472 0.462806
vt 0.217196 0.696985
vt 0.215695 0.696985
vt 0.253594 0.592644
vt 0.253594 0.585236
vt 0.269576 0.586179
vt 0.253594 0.597845
vt 0.237613 0.586179
vt 0.397768 0.469483
vt 0.101472 0.469483
vt 0.000000 0.993310
vt 0.269576 0.647964
vt 0.237017 0.993310
vt 0.237613 0.647964
vt 0.256841 0.993310
vt 0.258343 0.993310
vt 0.397768 0.423957
vt 0.101472 0.423957
vt 0.474038 0.993310
vn 0.000000 0.000000 1.000000
vn 0.000000 0.000000 1.000000
vn 0.000000 0.000000 1.000000
vn 0.000000 0.000000 1.000000
vn -0.453200 0.891409 0.000000
vn -0.453200 0.891409 0.000000
vn -0.453200 0.891409 0.000000
vn -0.453200 0.891409 0.000000
vn 0.000000 0.000000 -1.000000
vn 0.000000 0.000000 -1.000000
vn 0.000000 0.000000 -1.000000
vn 0.000000 0.000000 -1.000000
vn 0.453308 -0.891354 0.000000
vn 0.453308 -0.891354 0.000000
vn 0.453308 -0.891354 0.000000
vn 0.453308 -0.891354 0.000000
vn 0.832051 -0.554700 0.000000
vn 0.832051 -0.554700 0.000000
vn 0.832051 -0.554700 0.000000
vn 0.832051 -0.554700 0.000000
vn -0.832051 -0.554700 0.000000
vn -0.832051 -0.554700 0.000000
vn -0.832051 -0.554700 0.000000
vn -0.832051 -0.554700 0.000000
vn 0.453200 0.891409 0.000000
vn 0.453200 0.891409 0.000000
vn 0.453200 0.891409 0.000000
vn 0.453200 0.891409 0.000000
vn 0.000000 0.000000 -1.000000
vn 0.000000 0.000000 -1.000000
vn 0.000000 0.000000 -1.000000
vn 0.000000 0.000000 -1.000000
vn -0.453308 -0.891354 0.000000
vn -0.453308 -0.891354 0.000000
vn -0.453308 -0.891354 0.000000
vn -0.453308 -0.891354 0.000000
vn 0.000000 0.000000 1.000000
vn 0.000000 0.000000 1.000000
vn 0.000000 0.000000 1.000000
vn 0.000000 0.000000 1.000000
vn 0.000000 0.000000 1.000000
vn 0.000000 0.000000 1.000000
vn 0.000000 -1.000000 0.000000
vn 0.000000 -1.000000 0.000000
vn 0.000000 0.000000 -1.000000
vn 0.000000 0.000000 -1.000000
vn 0.000000 1.000000 0.000000
vn 0.589587 0.807705 0.000000
vn 0.589587 0.807705 0.000000
vn 0.000000 1.000000 0.000000
vn -0.589587 0.807705 0.000000
vn -0.589587 0.807705 0.000000
vn 0.000000 0.000000 1.000000
vn 0.000000 0.000000 1.000000
vn 0.000000 0.000000 1.000000
vn 0.000000 0.000000 1.000000
vn 0.808176 -0.588941 0.000000
vn 0.808176 -0.588941 0.000000
vn 0.808176 -0.588941 0.000000
vn 0.808176 -0.588941 0.000000
vn 0.000000 0.000000 -1.000000
vn 0.000000 0.000000 -1.000000
vn 0.000000 0.000000 -1.000000
vn 0.000000 0.000000 -1.000000
vn -0.808176 -0.588941 0.000000
vn -0.808176 -0.588941 0.000000
vn -0.808176 -0.588941 0.000000
vn -0.808176 -0.588941 0.000000
vn 0.000000 0.000000 1.000000
vn 0.000000 0.000000 1.000000
vn 0.000000 0.000000 1.000000
vn 0.000000 0.000000 1.000000
vn 0.000000 0.000000 -1.000000
vn 0.000000 0.000000 -1.000000
vn 0.000000 0.000000 -1.000000
vn 0.000000 0.000000 -1.000000
s 1
g Roof
usemtl blinn3SG
f 1/2/1 19/3/2 20/9/3 3/17/4
s off
f 3/4/5 20/42/6 17/5/7 5/50/8
s 2
f 5/6/9 17/11/10 18/13/11 7/15/12
s 3
f 7/8/13 18/7/14 19/29/15 1/27/16
s off
f 2/32/17 8/34/18 6/56/19 4/57/20
f 7/40/21 1/1/22 3/48/23 5/49/24
f 16/55/25 13/14/26 4/12/27 6/58/28
s 2
f 15/20/29 16/23/30 6/24/31 8/35/32
s 3
f 14/16/33 15/38/34 8/10/35 2/33/36
s 1
f 13/18/37 14/26/38 2/28/39 4/31/40
f 9/43/41 12/44/42 14/26/38 13/18/37
s 3
f 12/30/43 11/19/44 15/38/34 14/16/33
s 2
f 11/36/45 10/37/46 16/23/30 15/20/29
s 7
f 21/21/47 22/22/48 23/54/49 24/52/50
s 2
f 17/11/10 10/37/46 11/36/45 18/13/11
s 3
f 19/29/15 18/7/14 11/19/44 12/30/43
s 1
f 20/9/3 19/3/2 12/44/42 9/43/41
s 7
f 26/25/51 25/41/52 21/21/47 24/52/50
s off
f 9/43/53 13/18/54 22/45/55 21/46/56
f 13/14/57 16/55/58 23/54/59 22/22/60
f 16/23/61 10/37/62 24/39/63 23/51/64
f 17/5/65 20/42/66 25/41/67 26/25/68
f 20/9/69 9/43/70 21/46/71 25/47/72
f 10/37/73 17/11/74 26/53/75 24/39/76
g default
v -0.120000 0.830000 0.030000
v -0.150000 0.830000 0.030000
v -0.120000 1.010000 0.030000
v -0.150000 1.010000 0.030000
v -0.120000 1.010000 0.010000
v -0.150000 1.010000 0.010000
v -0.120000 0.830000 0.010000
v -0.150000 0.830000 0.010000
v -0.120000 0.860000 0.030000
v -0.120000 0.860000 0.010000
v -0.150000 0.860000 0.010000
v -0.150000 0.860000 0.030000
v -0.120000 0.980000 0.030000
v -0.120000 0.980000 0.010000
v -0.150000 0.980000 0.010000
v -0.150000 0.980000 0.030000
v -0.120000 1.000000 0.030000
v -0.120000 1.000000 0.010000
v -0.150000 1.000000 0.010000
v -0.150000 1.000000 0.030000
v -0.010000 0.830000 0.010000
v -0.010000 0.830000 0.030000
v -0.010000 0.860000 0.030000
v -0.010000 0.860000 0.010000
v -0.010000 0.980000 0.030000
v -0.010000 0.980000 0.010000
v -0.010000 1.000000 0.030000
v -0.010000 1.000000 0.010000
v -0.130000 1.010000 0.030000
v -0.130000 1.010000 0.010000
v -0.130000 1.000000 0.010000
v -0.130000 0.980000 0.010000
v -0.130000 0.860000 0.010000
v -0.130000 0.830000 0.010000
v -0.130000 0.830000 0.030000
v -0.130000 0.860000 0.030000
v -0.130000 0.980000 0.030000
v -0.130000 1.000000 0.030000
v -0.140000 1.010000 0.030000
v -0.140000 1.010000 0.010000
v -0.140000 1.000000 0.010000
v -0.140000 0.980000 0.010000
v -0.140000 0.860000 0.010000
v -0.140000 0.830000 0.010000
v -0.140000 0.830000 0.030000
v -0.140000 0.860000 0.030000
v -0.140000 0.980000 0.030000
v -0.140000 1.000000 0.030000
v -0.120000 1.040000 0.030000
v -0.130000 1.040000 0.030000
v -0.130000 1.040000 0.010000
v -0.120000 1.040000 0.010000
v -0.140000 1.040000 0.030000
v -0.140000 1.040000 0.010000
v -0.110000 1.010000 0.030000
v -0.110000 1.010000 0.010000
v -0.110000 1.040000 0.030000
v -0.110000 1.040000 0.010000
v -0.120000 1.050000 0.030000
v -0.130000 1.050000 0.030000
v -0.130000 1.050000 0.010000
v -0.120000 1.050000 0.010000
v -0.110000 1.050000 0.010000
v -0.110000 1.050000 0.030000
v -0.100000 1.040000 0.030000
v -0.100000 1.040000 0.010000
v -0.100000 1.050000 0.030000
v -0.100000 1.050000 0.010000
v -0.120000 1.060000 0.030000
v -0.130000 1.060000 0.030000
v -0.130000 1.060000 0.010000
v -0.120000 1.060000 0.010000
v -0.110000 1.060000 0.010000
v -0.110000 1.060000 0.030000
v -0.100000 1.060000 0.010000
v -0.100000 1.060000 0.030000
v -0.090000 1.050000 0.030000
v -0.090000 1.050000 0.010000
v -0.090000 1.060000 0.030000
v -0.090000 1.060000 0.010000
v -0.120000 1.070000 0.030000
v -0.120000 1.070000 0.010000
v -0.110000 1.070000 0.010000
v -0.110000 1.070000 0.030000
v -0.100000 1.070000 0.010000
v -0.100000 1.070000 0.030000
v -0.090000 1.070000 0.010000
v -0.090000 1.070000 0.030000
v -0.080000 1.060000 0.030000
v -0.080000 1.060000 0.010000
v -0.080000 1.070000 0.030000
v -0.080000 1.070000 0.010000
v -0.110000 1.080000 0.030000
v -0.110000 1.080000 0.010000
v -0.100000 1.080000 0.010000
v -0.100000 1.080000 0.030000
v -0.090000 1.080000 0.010000
v -0.090000 1.080000 0.030000
v -0.080000 1.080000 0.010000
v -0.080000 1.080000 0.030000
v -0.060000 1.070000 0.030000
v -0.060000 1.070000 0.010000
v -0.060000 1.080000 0.030000
v -0.060000 1.080000 0.010000
v -0.100000 1.090000 0.030000
v -0.100000 1.090000 0.010000
v -0.090000 1.090000 0.010000
v -0.090000 1.090000 0.030000
v -0.080000 1.090000 0.010000
v -0.080000 1.090000 0.030000
v -0.060000 1.090000 0.010000
v -0.060000 1.090000 0.030000
v -0.080000 1.100000 0.030000
v -0.080000 1.100000 0.010000
v -0.060000 1.100000 0.010000
v -0.060000 1.100000 0.030000
v -0.050000 1.080000 0.030000
v -0.050000 1.080000 0.010000
v -0.050000 1.090000 0.030000
v -0.050000 1.090000 0.010000
v -0.050000 1.100000 0.030000
v -0.050000 1.100000 0.010000
v -0.010000 1.080000 0.030000
v -0.010000 1.080000 0.010000
v -0.010000 1.090000 0.030000
v -0.010000 1.090000 0.010000
v -0.010000 1.100000 0.030000
v -0.010000 1.100000 0.010000
v -0.050000 1.110000 0.030000
v -0.050000 1.110000 0.010000
v -0.010000 1.110000 0.010000
v -0.010000 1.110000 0.030000
v 0.120000 0.830000 0.030000
v 0.150000 0.830000 0.030000
v 0.120000 1.010000 0.030000
v 0.150000 1.010000 0.030000
v 0.120000 1.010000 0.010000
v 0.150000 1.010000 0.010000
v 0.120000 0.830000 0.010000
v 0.150000 0.830000 0.010000
v 0.120000 0.860000 0.030000
v 0.120000 0.860000 0.010000
v 0.150000 0.860000 0.010000
v 0.150000 0.860000 0.030000
v 0.120000 0.980000 0.030000
v 0.120000 0.980000 0.010000
v 0.150000 0.980000 0.010000
v 0.150000 0.980000 0.030000
v 0.120000 1.000000 0.030000
v 0.120000 1.000000 0.010000
v 0.150000 1.000000 0.010000
v 0.150000 1.000000 0.030000
v 0.010000 0.830000 0.010000
v 0.010000 0.830000 0.030000
v 0.010000 0.860000 0.030000
v 0.010000 0.860000 0.010000
v 0.010000 0.980000 0.030000
v 0.010000 0.980000 0.010000
v 0.010000 1.000000 0.030000
v 0.010000 1.000000 0.010000
v 0.130000 1.010000 0.030000
v 0.130000 1.010000 0.010000
v 0.130000 1.000000 0.010000
v 0.130000 0.980000 0.010000
v 0.130000 0.860000 0.010000
v 0.130000 0.830000 0.010000
v 0.130000 0.830000 0.030000
v 0.130000 0.860000 0.030000
v 0.130000 0.980000 0.030000
v 0.130000 1.000000 0.030000
v 0.140000 1.010000 0.030000
v 0.140000 1.010000 0.010000
v 0.140000 1.000000 0.010000
v 0.140000 0.980000 0.010000
v 0.140000 0.860000 0.010000
v 0.140000 0.830000 0.010000
v 0.140000 0.830000 0.030000
v 0.140000 0.860000 0.030000
v 0.140000 0.980000 0.030000
v 0.140000 1.000000 0.030000
v 0.120000 1.040000 0.030000
v 0.130000 1.040000 0.030000
v 0.130000 1.040000 0.010000
v 0.120000 1.040000 0.010000
v 0.140000 1.040000 0.030000
v 0.140000 1.040000 0.010000
v 0.110000 1.010000 0.030000
v 0.110000 1.010000 0.010000
v 0.110000 1.040000 0.030000
v 0.110000 1.040000 0.010000
v 0.120000 1.050000 0.030000
v 0.130000 1.050000 0.030000
v 0.130000 1.050000 0.010000
v 0.120000 1.050000 0.010000
v 0.110000 1.050000 0.010000
v 0.110000 1.050000 0.030000
v 0.100000 1.040000 0.030000
v 0.100000 1.040000 0.010000
v 0.100000 1.050000 0.030000
v 0.100000 1.050000 0.010000
v 0.120000 1.060000 0.030000
v 0.130000 1.060000 0.030000
v 0.130000 1.060000 0.010000
v 0.120000 1.060000 0.010000
v 0.110000 1.060000 0.010000
v 0.110000 1.060000 0.030000
v 0.100000 1.060000 0.010000
v 0.100000 1.060000 0.030000
v 0.090000 1.050000 0.030000
v 0.090000 1.050000 0.010000
v 0.090000 1.060000 0.030000
v 0.090000 1.060000 0.010000
v 0.120000 1.070000 0.030000
v 0.120000 1.070000 0.010000
v 0.110000 1.070000 0.010000
v 0.110000 1.070000 0.030000
v 0.100000 1.070000 0.010000
v 0.100000 1.070000 0.030000
v 0.090000 1.070000 0.010000
v 0.090000 1.070000 0.030000
v 0.080000 1.060000 0.030000
v 0.080000 1.060000 0.010000
v 0.080000 1.070000 0.030000
v 0.080000 1.070000 0.010000
v 0.110000 1.080000 0.030000
v 0.110000 1.080000 0.010000
v 0.100000 1.080000 0.010000
v 0.100000 1.080000 0.030000
v 0.090000 1.080000 0.010000
v 0.090000 1.080000 0.030000
v 0.080000 1.080000 0.010000
v 0.080000 1.080000 0.030000
v 0.060000 1.070000 0.030000
v 0.060000 1.070000 0.010000
v 0.060000 1.080000 0.030000
v 0.060000 1.080000 0.010000
v 0.100000 1.090000 0.030000
v 0.100000 1.090000 0.010000
v 0.090000 1.090000 0.010000
v 0.090000 1.090000 0.030000
v 0.080000 1.090000 0.010000
v 0.080000 1.090000 0.030000
v 0.060000 1.090000 0.010000
v 0.060000 1.090000 0.030000
v 0.080000 1.100000 0.030000
v 0.080000 1.100000 0.010000
v 0.060000 1.100000 0.010000
v 0.060000 1.100000 0.030000
v 0.050000 1.080000 0.030000
v 0.050000 1.080000 0.010000
v 0.050000 1.090000 0.030000
v 0.050000 1.090000 0.010000
v 0.050000 1.100000 0.030000
v 0.050000 1.100000 0.010000
v 0.010000 1.080000 0.030000
v 0.010000 1.080000 0.010000
v 0.010000 1.090000 0.030000
v 0.010000 1.090000 0.010000
v 0.010000 1.100000 0.030000
v 0.010000 1.100000 0.010000
v 0.050000 1.110000 0.030000
v 0.050000 1.110000 0.010000
v 0.010000 1.110000 0.010000
v 0.010000 1.110000 0.030000
vt 0.065339 0.875679
vt 0.065339 0.881235
vt 0.061635 0.881235
vt 0.061635 0.875679
vt 0.065339 0.903457
vt 0.061635 0.903457
vt 0.065339 0.907161
vt 0.061635 0.907161
vt 0.065339 0.909013
vt 0.061635 0.909013
vt 0.084333 0.883559
vt 0.084333 0.905781
vt 0.080629 0.905781
vt 0.080629 0.883559
vt 0.066868 0.901176
vt 0.068720 0.901176
vt 0.068720 0.904879
vt 0.066868 0.904879
vt 0.079681 0.879154
vt 0.079681 0.884710
vt 0.075978 0.884710
vt 0.075978 0.879154
vt 0.097900 0.877602
vt 0.097900 0.883157
vt 0.094197 0.883157
vt 0.094197 0.877602
vt 0.074233 0.878344
vt 0.074233 0.876492
vt 0.077937 0.876492
vt 0.077937 0.878344
vt 0.074233 0.874640
vt 0.077937 0.874640
vt 0.066093 0.879283
vt 0.067945 0.879283
vt 0.067945 0.882987
vt 0.066093 0.882987
vt 0.052526 0.873275
vt 0.054378 0.873275
vt 0.054378 0.876979
vt 0.052526 0.876979
vt 0.086250 0.873068
vt 0.088102 0.873068
vt 0.088102 0.876772
vt 0.086250 0.876772
vt 0.083537 0.872883
vt 0.085389 0.872883
vt 0.085389 0.876587
vt 0.083537 0.876587
vt 0.053301 0.927234
vt 0.055153 0.927234
vt 0.055153 0.930938
vt 0.053301 0.930938
vt 0.031012 0.928372
vt 0.032864 0.928372
vt 0.032864 0.932076
vt 0.031012 0.932076
vt 0.037602 0.928319
vt 0.039454 0.928319
vt 0.039454 0.932023
vt 0.037602 0.932023
vt 0.039928 0.928397
vt 0.041780 0.928397
vt 0.041780 0.932101
vt 0.039928 0.932101
vt 0.053301 0.931614
vt 0.055153 0.931614
vt 0.055153 0.935318
vt 0.053301 0.935318
vt 0.025994 0.928402
vt 0.025994 0.943217
vt 0.022291 0.943217
vt 0.022291 0.928402
vt 0.088597 0.883576
vt 0.088597 0.905798
vt 0.084893 0.905798
vt 0.084893 0.883576
vt 0.069776 0.874146
vt 0.073479 0.874146
vt 0.073479 0.879701
vt 0.069776 0.879701
vt 0.073479 0.901924
vt 0.069776 0.901924
vt 0.073479 0.905627
vt 0.069776 0.905627
vt 0.073479 0.907479
vt 0.069776 0.907479
vt 0.089157 0.883559
vt 0.092861 0.883559
vt 0.092861 0.905781
vt 0.089157 0.905781
vt 0.031012 0.936489
vt 0.031012 0.932785
vt 0.032864 0.932785
vt 0.032864 0.936489
vt 0.085669 0.877229
vt 0.089372 0.877229
vt 0.089372 0.882785
vt 0.085669 0.882785
vt 0.089933 0.877238
vt 0.093636 0.877238
vt 0.093636 0.882794
vt 0.089933 0.882794
vt 0.031012 0.940956
vt 0.031012 0.937252
vt 0.032864 0.937252
vt 0.032864 0.940956
vt 0.034716 0.937252
vt 0.034716 0.940956
vt 0.040316 0.940928
vt 0.040316 0.937225
vt 0.042168 0.937225
vt 0.042168 0.940928
vt 0.037990 0.945202
vt 0.037990 0.941498
vt 0.039842 0.941498
vt 0.039842 0.945202
vt 0.035276 0.945396
vt 0.035276 0.941692
vt 0.037128 0.941692
vt 0.037128 0.945396
vt 0.022291 0.947528
vt 0.022291 0.943824
vt 0.024142 0.943824
vt 0.024142 0.947528
vt 0.027524 0.947606
vt 0.027524 0.943903
vt 0.029376 0.943903
vt 0.029376 0.947606
vt 0.053301 0.948769
vt 0.053301 0.945066
vt 0.055153 0.945066
vt 0.055153 0.948769
vt 0.037602 0.949650
vt 0.037602 0.945947
vt 0.039454 0.945947
vt 0.039454 0.949650
vt 0.039928 0.949932
vt 0.039928 0.946228
vt 0.041780 0.946228
vt 0.041780 0.949932
vt 0.034113 0.949854
vt 0.034113 0.946150
vt 0.035965 0.946150
vt 0.035965 0.949854
vt 0.026748 0.928393
vt 0.030452 0.928393
vt 0.030452 0.943208
vt 0.026748 0.943208
vt 0.093421 0.883559
vt 0.097125 0.883559
vt 0.097125 0.905781
vt 0.093421 0.905781
vt 0.067945 0.905509
vt 0.067945 0.909213
vt 0.066093 0.909213
vt 0.066093 0.905509
vt 0.048843 0.974634
vt 0.052547 0.974634
vt 0.052547 0.976486
vt 0.048843 0.976486
vt 0.048843 0.954264
vt 0.052547 0.954264
vt 0.052547 0.978338
vt 0.048843 0.978338
vt 0.048843 0.950560
vt 0.052547 0.950560
vt 0.052547 0.980190
vt 0.048843 0.980190
vt 0.048843 0.930190
vt 0.052547 0.930190
vt 0.048843 0.928338
vt 0.052547 0.928338
vt 0.048843 0.926486
vt 0.052547 0.926486
vt 0.048843 0.924635
vt 0.052547 0.924635
vt 0.097685 0.905675
vt 0.097685 0.885305
vt 0.101389 0.885305
vt 0.101389 0.905675
vt 0.102725 0.905675
vt 0.102725 0.885305
vt 0.106429 0.885305
vt 0.106429 0.905675
vt 0.075202 0.905482
vt 0.075202 0.885111
vt 0.078906 0.885111
vt 0.078906 0.905482
vt 0.067945 0.896779
vt 0.067945 0.900483
vt 0.066093 0.900483
vt 0.066093 0.896779
vt 0.068526 0.892465
vt 0.068526 0.896168
vt 0.066675 0.896168
vt 0.066675 0.892465
vt 0.066093 0.888024
vt 0.067945 0.888024
vt 0.067945 0.891728
vt 0.066093 0.891728
vt 0.066868 0.883758
vt 0.068720 0.883758
vt 0.068720 0.887462
vt 0.066868 0.887462
vt 0.066868 0.874860
vt 0.068720 0.874860
vt 0.068720 0.878564
vt 0.066868 0.878564
vt 0.094778 0.873476
vt 0.096630 0.873476
vt 0.096630 0.877180
vt 0.094778 0.877180
vt 0.081017 0.873113
vt 0.082869 0.873113
vt 0.082869 0.876817
vt 0.081017 0.876817
vt 0.090514 0.876665
vt 0.090514 0.874813
vt 0.094218 0.874813
vt 0.094218 0.876665
vt 0.090514 0.872962
vt 0.094218 0.872962
vt 0.053301 0.922707
vt 0.055153 0.922707
vt 0.055153 0.926411
vt 0.053301 0.926411
vt 0.033338 0.932058
vt 0.033338 0.928354
vt 0.037042 0.928354
vt 0.037042 0.932058
vt 0.080242 0.882820
vt 0.080242 0.879116
vt 0.083945 0.879116
vt 0.083945 0.882820
vt 0.080242 0.877264
vt 0.083945 0.877264
vt 0.098461 0.884861
vt 0.098461 0.883009
vt 0.102164 0.883009
vt 0.102164 0.884861
vt 0.098461 0.875601
vt 0.102164 0.875601
vt 0.017833 0.946813
vt 0.017833 0.939405
vt 0.021536 0.939405
vt 0.021536 0.946813
vt 0.017833 0.935701
vt 0.021536 0.935701
vt 0.017833 0.928294
vt 0.021536 0.928294
vt 0.039734 0.932820
vt 0.041586 0.932820
vt 0.041586 0.936524
vt 0.039734 0.936524
vt 0.043029 0.926589
vt 0.046733 0.926589
vt 0.046733 0.946959
vt 0.043029 0.946959
vt 0.009111 0.928333
vt 0.012815 0.928333
vt 0.012815 0.948703
vt 0.009111 0.948703
vt 0.013569 0.928333
vt 0.017273 0.928333
vt 0.017273 0.948703
vt 0.013569 0.948703
vt 0.033338 0.932829
vt 0.035190 0.932829
vt 0.035190 0.936532
vt 0.033338 0.936532
vt 0.035664 0.932785
vt 0.037516 0.932785
vt 0.037516 0.936488
vt 0.035664 0.936488
vt 0.055153 0.936089
vt 0.055153 0.939793
vt 0.053301 0.939793
vt 0.053301 0.936089
vt 0.039842 0.937049
vt 0.039842 0.940753
vt 0.037990 0.940753
vt 0.037990 0.937049
vt 0.037516 0.937261
vt 0.037516 0.940965
vt 0.035664 0.940965
vt 0.035664 0.937261
vt 0.055153 0.940556
vt 0.055153 0.944259
vt 0.053301 0.944259
vt 0.053301 0.940556
vt 0.042168 0.941753
vt 0.042168 0.945457
vt 0.040316 0.945457
vt 0.040316 0.941753
vt 0.031012 0.941771
vt 0.034716 0.941771
vt 0.034716 0.943623
vt 0.031012 0.943623
vt 0.034716 0.945475
vt 0.031012 0.945475
vt 0.026856 0.943816
vt 0.026856 0.947520
vt 0.025004 0.947520
vt 0.025004 0.943816
vt 0.029849 0.945983
vt 0.033553 0.945983
vt 0.033553 0.949686
vt 0.029849 0.949686
vt 0.056208 0.875110
vt 0.059912 0.875110
vt 0.059912 0.878814
vt 0.056208 0.878814
vt 0.059912 0.880666
vt 0.056208 0.880666
vt 0.103500 0.875575
vt 0.107204 0.875575
vt 0.107204 0.877427
vt 0.103500 0.877427
vt 0.107204 0.884834
vt 0.103500 0.884834
vt 0.009111 0.922115
vt 0.014667 0.922115
vt 0.014667 0.923967
vt 0.009111 0.923967
vt 0.009111 0.901745
vt 0.014667 0.901745
vt 0.036889 0.922115
vt 0.036889 0.923967
vt 0.014667 0.925819
vt 0.009111 0.925819
vt 0.009111 0.898041
vt 0.014667 0.898041
vt 0.040592 0.922115
vt 0.040592 0.923967
vt 0.036889 0.925819
vt 0.014667 0.927670
vt 0.009111 0.927670
vt 0.009111 0.877671
vt 0.014667 0.877671
vt 0.036889 0.901745
vt 0.036889 0.898041
vt 0.040592 0.901745
vt 0.042444 0.922115
vt 0.042444 0.923967
vt 0.040592 0.925819
vt 0.036889 0.927670
vt 0.009111 0.875819
vt 0.014667 0.875819
vt 0.040592 0.898041
vt 0.048000 0.922115
vt 0.048000 0.923967
vt 0.042444 0.925819
vt 0.040592 0.927670
vt 0.009111 0.873967
vt 0.014667 0.873967
vt 0.036889 0.875819
vt 0.036889 0.877671
vt 0.040592 0.877671
vt 0.055407 0.901745
vt 0.055407 0.898041
vt 0.042444 0.920263
vt 0.048000 0.920263
vt 0.049852 0.922115
vt 0.049852 0.923967
vt 0.048000 0.925819
vt 0.042444 0.927670
vt 0.009111 0.872115
vt 0.014667 0.872115
vt 0.036889 0.873967
vt 0.040592 0.875819
vt 0.057259 0.901745
vt 0.057259 0.898041
vt 0.049852 0.920263
vt 0.051704 0.922115
vt 0.051704 0.923967
vt 0.036889 0.872115
vt 0.040592 0.873967
vt 0.042444 0.875819
vt 0.042444 0.877671
vt 0.055407 0.909152
vt 0.057259 0.909152
vt 0.055407 0.890634
vt 0.057259 0.890634
vt 0.059111 0.901745
vt 0.059111 0.898041
vt 0.048000 0.918411
vt 0.049852 0.918411
vt 0.051704 0.920263
vt 0.040592 0.872115
vt 0.042444 0.873967
vt 0.048000 0.875819
vt 0.048000 0.877671
vt 0.059111 0.909152
vt 0.055407 0.911004
vt 0.057259 0.911004
vt 0.055407 0.888782
vt 0.057259 0.888782
vt 0.059111 0.890634
vt 0.060963 0.901745
vt 0.060963 0.898041
vt 0.051704 0.918411
vt 0.053555 0.920263
vt 0.053555 0.922115
vt 0.042444 0.872115
vt 0.048000 0.873967
vt 0.049852 0.875819
vt 0.049852 0.877671
vt 0.048000 0.879522
vt 0.042444 0.879522
vt 0.060963 0.909152
vt 0.059111 0.911004
vt 0.057259 0.914708
vt 0.055407 0.914708
vt 0.055407 0.885078
vt 0.057259 0.885078
vt 0.059111 0.888782
vt 0.060963 0.890634
vt 0.049852 0.916559
vt 0.051704 0.916559
vt 0.053555 0.918411
vt 0.051704 0.875819
vt 0.051704 0.877671
vt 0.049852 0.879522
vt 0.059111 0.914708
vt 0.057259 0.916559
vt 0.055407 0.916559
vt 0.053555 0.914708
vt 0.053555 0.911004
vt 0.053555 0.885078
vt 0.053555 0.888782
vt 0.055407 0.883226
vt 0.057259 0.883226
vt 0.059111 0.885078
vt 0.053555 0.916559
vt 0.055407 0.918411
vt 0.055407 0.920263
vt 0.051704 0.879522
vt 0.049852 0.881374
vt 0.048000 0.881374
vt 0.057259 0.918411
vt 0.053555 0.883226
vt 0.055407 0.881374
vt 0.057259 0.881374
vt 0.051704 0.914708
vt 0.053555 0.877671
vt 0.053555 0.879522
vt 0.051704 0.881374
vt 0.051704 0.883226
vt 0.051704 0.885078
vt 0.053555 0.881374
vt 0.049852 0.883226
vt 0.055407 0.879522
vt 0.102311 0.956033
vt 0.107867 0.956033
vt 0.107867 0.957885
vt 0.102311 0.957885
vt 0.102311 0.935662
vt 0.107867 0.935662
vt 0.107867 0.959736
vt 0.102311 0.959736
vt 0.080089 0.956033
vt 0.080089 0.957885
vt 0.102311 0.931959
vt 0.107867 0.931959
vt 0.107867 0.961588
vt 0.102311 0.961588
vt 0.080089 0.959736
vt 0.076385 0.956033
vt 0.076385 0.957885
vt 0.080089 0.935662
vt 0.080089 0.931959
vt 0.102311 0.911588
vt 0.107867 0.911588
vt 0.080089 0.961588
vt 0.076385 0.959736
vt 0.076385 0.935662
vt 0.074533 0.956033
vt 0.074533 0.957885
vt 0.076385 0.931959
vt 0.102311 0.909736
vt 0.107867 0.909736
vt 0.076385 0.961588
vt 0.074533 0.959736
vt 0.068978 0.957885
vt 0.068978 0.956033
vt 0.061570 0.935662
vt 0.061570 0.931959
vt 0.076385 0.911588
vt 0.080089 0.911588
vt 0.080089 0.909736
vt 0.102311 0.907884
vt 0.107867 0.907884
vt 0.074533 0.961588
vt 0.068978 0.959736
vt 0.067126 0.957885
vt 0.067126 0.956033
vt 0.068978 0.954181
vt 0.074533 0.954181
vt 0.059718 0.935662
vt 0.059718 0.931959
vt 0.076385 0.909736
vt 0.080089 0.907884
vt 0.102311 0.906033
vt 0.107867 0.906033
vt 0.065274 0.957885
vt 0.065274 0.956033
vt 0.067126 0.954181
vt 0.059718 0.943070
vt 0.061570 0.943070
vt 0.057866 0.935662
vt 0.057866 0.931959
vt 0.059718 0.924551
vt 0.061570 0.924551
vt 0.074533 0.911588
vt 0.074533 0.909736
vt 0.076385 0.907884
vt 0.080089 0.906033
vt 0.065274 0.954181
vt 0.067126 0.952329
vt 0.068978 0.952329
vt 0.057866 0.943070
vt 0.059718 0.944922
vt 0.061570 0.944922
vt 0.056015 0.935662
vt 0.056015 0.931959
vt 0.057866 0.924551
vt 0.059718 0.922699
vt 0.061570 0.922699
vt 0.068978 0.911588
vt 0.068978 0.909736
vt 0.074533 0.907884
vt 0.076385 0.906033
vt 0.063422 0.956033
vt 0.063422 0.954181
vt 0.065274 0.952329
vt 0.056015 0.943070
vt 0.057866 0.944922
vt 0.061570 0.948625
vt 0.059718 0.948625
vt 0.056015 0.924551
vt 0.057866 0.922699
vt 0.061570 0.918996
vt 0.059718 0.918996
vt 0.074533 0.913440
vt 0.068978 0.913440
vt 0.067126 0.911588
vt 0.067126 0.909736
vt 0.068978 0.907884
vt 0.074533 0.906033
vt 0.063422 0.952329
vt 0.065274 0.950477
vt 0.067126 0.950477
vt 0.057866 0.948625
vt 0.061570 0.950477
vt 0.059718 0.950477
vt 0.063422 0.944922
vt 0.063422 0.948625
vt 0.057866 0.918996
vt 0.063422 0.918996
vt 0.063422 0.922699
vt 0.061570 0.917144
vt 0.059718 0.917144
vt 0.067126 0.913440
vt 0.065274 0.911588
vt 0.065274 0.909736
vt 0.061570 0.954181
vt 0.061570 0.952329
vt 0.063422 0.950477
vt 0.059718 0.952329
vt 0.063422 0.917144
vt 0.061570 0.915292
vt 0.059718 0.915292
vt 0.068978 0.915292
vt 0.067126 0.915292
vt 0.065274 0.913440
vt 0.065274 0.948625
vt 0.065274 0.917144
vt 0.065274 0.918996
vt 0.063422 0.915292
vt 0.065274 0.915292
vt 0.063422 0.913440
vt 0.063422 0.911588
vt 0.061570 0.913440
vt 0.067126 0.917144
vn 0.000000 0.000000 1.000000
vn 0.000000 0.000000 1.000000
vn 0.000000 0.000000 1.000000
vn 0.000000 0.000000 1.000000
vn 0.000000 1.000000 0.000000
vn 0.000000 1.000000 0.000000
vn 0.000000 1.000000 0.000000
vn 0.000000 1.000000 0.000000
vn 0.000000 0.000000 -1.000000
vn 0.000000 0.000000 -1.000000
vn 0.000000 0.000000 -1.000000
vn 0.000000 0.000000 -1.000000
vn 0.000000 -1.000000 0.000000
vn 0.000000 -1.000000 0.000000
vn 0.000000 -1.000000 0.000000
vn 0.000000 -1.000000 0.000000
vn -1.000000 0.000000 0.000000
vn -1.000000 0.000000 0.000000
vn -1.000000 0.000000 0.000000
vn -1.000000 0.000000 0.000000
vn 1.000000 0.000000 0.000000
vn 1.000000 0.000000 0.000000
vn 1.000000 0.000000 0.000000
vn 1.000000 0.000000 0.000000
vn 0.000000 0.000000 -1.000000
vn 0.000000 0.000000 -1.000000
vn -1.000000 0.000000 0.000000
vn -1.000000 0.000000 0.000000
vn 0.000000 0.000000 1.000000
vn 0.000000 0.000000 1.000000
vn 0.000000 0.000000 -1.000000
vn 0.000000 0.000000 -1.000000
vn -1.000000 0.000000 0.000000
vn -1.000000 0.000000 0.000000
vn 0.000000 0.000000 1.000000
vn 0.000000 0.000000 1.000000
vn 1.000000 0.000000 0.000000
vn 1.000000 0.000000 0.000000
vn 1.000000 0.000000 0.000000
vn 1.000000 0.000000 0.000000
vn 0.000000 0.000000 -1.000000
vn 0.000000 0.000000 -1.000000
vn -1.000000 0.000000 0.000000
vn -1.000000 0.000000 0.000000
vn 0.000000 0.000000 1.000000
vn 0.000000 0.000000 1.000000
vn 0.000000 -1.000000 0.000000
vn 0.000000 -1.000000 0.000000
vn 0.000000 0.000000 1.000000
vn 0.000000 0.000000 1.000000
vn 0.000000 1.000000 0.000000
vn 0.000000 1.000000 0.000000
vn 0.000000 1.000000 0.000000
vn 0.000000 1.000000 0.000000
vn 0.000000 0.000000 -1.000000
vn 0.000000 0.000000 -1.000000
vn 0.000000 -1.000000 0.000000
vn 0.000000 -1.000000 0.000000
vn 0.000000 -1.000000 0.000000
vn 0.000000 -1.000000 0.000000
vn 0.000000 0.000000 1.000000
vn 0.000000 0.000000 1.000000
vn 0.000000 1.000000 0.000000
vn 0.000000 1.000000 0.000000
vn 0.000000 1.000000 0.000000
vn 0.000000 1.000000 0.000000
vn 0.000000 0.000000 -1.000000
vn 0.000000 0.000000 -1.000000
vn 0.000000 1.000000 0.000000
vn 0.000000 1.000000 0.000000
vn 0.000000 1.000000 0.000000
vn 0.000000 1.000000 0.000000
vn 0.000000 0.000000 -1.000000
vn 0.000000 0.000000 -1.000000
vn 0.000000 0.000000 -1.000000
vn 0.000000 0.000000 -1.000000
vn 0.000000 0.000000 -1.000000
vn 0.000000 -1.000000 0.000000
vn 0.000000 -1.000000 0.000000
vn 0.000000 0.000000 1.000000
vn 0.000000 0.000000 1.000000
vn 0.000000 0.000000 1.000000
vn 0.000000 0.000000 1.000000
vn 0.000000 0.000000 1.000000
vn 0.000000 1.000000 0.000000
vn 0.000000 1.000000 0.000000
vn 0.000000 1.000000 0.000000
vn 0.000000 1.000000 0.000000
vn 0.000000 0.000000 -1.000000
vn 0.000000 0.000000 -1.000000
vn 0.000000 0.000000 -1.000000
vn 0.000000 0.000000 -1.000000
vn 0.000000 0.000000 -1.000000
vn 0.000000 -1.000000 0.000000
vn 0.000000 -1.000000 0.000000
vn 0.000000 0.000000 1.000000
vn 0.000000 0.000000 1.000000
vn 0.000000 0.000000 1.000000
vn 0.000000 0.000000 1.000000
vn 0.000000 0.000000 1.000000
vn 0.000000 0.000000 1.000000
vn 0.000000 0.000000 1.000000
vn 0.000000 0.000000 -1.000000
vn 0.000000 0.000000 -1.000000
vn 1.000000 0.000000 0.000000
vn 1.000000 0.000000 0.000000
vn 1.000000 0.000000 0.000000
vn 1.000000 0.000000 0.000000
vn 0.000000 0.000000 1.000000
vn -1.000000 0.000000 0.000000
vn -1.000000 0.000000 0.000000
vn -1.000000 0.000000 0.000000
vn -1.000000 0.000000 0.000000
vn 0.000000 0.000000 -1.000000
vn 0.000000 -1.000000 0.000000
vn 0.000000 -1.000000 0.000000
vn 0.000000 -1.000000 0.000000
vn 0.000000 -1.000000 0.000000
vn 0.000000 0.000000 1.000000
vn 0.000000 0.000000 1.000000
vn 0.000000 0.000000 1.000000
vn 0.000000 0.000000 1.000000
vn 0.000000 1.000000 0.000000
vn 0.000000 1.000000 0.000000
vn 0.000000 1.000000 0.000000
vn 0.000000 1.000000 0.000000
vn 0.000000 0.000000 -1.000000
vn 0.000000 0.000000 -1.000000
vn 0.000000 0.000000 -1.000000
vn 0.000000 0.000000 -1.000000
vn 0.000000 0.000000 1.000000
vn 0.000000 0.000000 1.000000
vn 0.000000 0.000000 1.000000
vn 0.000000 0.000000 1.000000
vn -1.000000 0.000000 0.000000
vn -1.000000 0.000000 0.000000
vn -1.000000 0.000000 0.000000
vn -1.000000 0.000000 0.000000
vn 0.000000 0.000000 -1.000000
vn 0.000000 0.000000 -1.000000
vn 0.000000 0.000000 -1.000000
vn 0.000000 0.000000 -1.000000
vn 0.000000 0.000000 -1.000000
vn 0.000000 0.000000 -1.000000
vn 0.000000 0.000000 -1.000000
vn 0.000000 0.000000 -1.000000
vn 1.000000 0.000000 0.000000
vn 1.000000 0.000000 0.000000
vn 1.000000 0.000000 0.000000
vn 1.000000 0.000000 0.000000
vn 0.000000 0.000000 1.000000
vn 0.000000 0.000000 1.000000
vn 0.000000 0.000000 1.000000
vn 0.000000 0.000000 1.000000
vn 0.000000 -1.000000 0.000000
vn 0.000000 -1.000000 0.000000
vn 0.000000 -1.000000 0.000000
vn 0.000000 -1.000000 0.000000
vn 0.000000 0.000000 1.000000
vn 0.000000 0.000000 1.000000
vn 0.000000 1.000000 0.000000
vn 0.000000 1.000000 0.000000
vn 0.000000 1.000000 0.000000
vn 0.000000 1.000000 0.000000
vn 0.000000 0.000000 -1.000000
vn 0.000000 0.000000 -1.000000
vn 0.000000 0.000000 1.000000
vn 0.000000 0.000000 1.000000
vn 0.000000 0.000000 1.000000
vn 0.000000 0.000000 1.000000
vn -1.000000 0.000000 0.000000
vn -1.000000 0.000000 0.000000
vn -1.000000 0.000000 0.000000
vn -1.000000 0.000000 0.000000
vn 0.000000 0.000000 -1.000000
vn 0.000000 0.000000 -1.000000
vn 0.000000 0.000000 -1.000000
vn 0.000000 0.000000 -1.000000
vn 0.000000 0.000000 -1.000000
vn 0.000000 0.000000 -1.000000
vn 0.000000 0.000000 -1.000000
vn 0.000000 0.000000 -1.000000
vn 0.000000 0.000000 1.000000
vn 0.000000 0.000000 1.000000
vn 0.000000 0.000000 1.000000
vn 0.000000 0.000000 1.000000
vn 0.000000 0.000000 -1.000000
vn 0.000000 0.000000 -1.000000
vn 0.000000 0.000000 -1.000000
vn 0.000000 0.000000 -1.000000
vn 1.000000 0.000000 0.000000
vn 1.000000 0.000000 0.000000
vn 1.000000 0.000000 0.000000
vn 1.000000 0.000000 0.000000
vn 0.000000 0.000000 1.000000
vn 0.000000 0.000000 1.000000
vn 0.000000 0.000000 1.000000
vn 0.000000 0.000000 1.000000
vn 0.000000 -1.000000 0.000000
vn 0.000000 -1.000000 0.000000
vn 0.000000 -1.000000 0.000000
vn 0.000000 -1.000000 0.000000
vn 0.000000 0.000000 1.000000
vn 0.000000 0.000000 1.000000
vn 0.000000 1.000000 0.000000
vn 0.000000 1.000000 0.000000
vn 0.000000 1.000000 0.000000
vn 0.000000 1.000000 0.000000
vn 0.000000 0.000000 -1.000000
vn 0.000000 0.000000 -1.000000
vn -1.000000 0.000000 0.000000
vn -1.000000 0.000000 0.000000
vn -1.000000 0.000000 0.000000
vn -1.000000 0.000000 0.000000
vn 0.000000 0.000000 -1.000000
vn 0.000000 0.000000 -1.000000
vn 0.000000 0.000000 -1.000000
vn 0.000000 0.000000 -1.000000
vn 0.000000 0.000000 1.000000
vn 0.000000 0.000000 1.000000
vn 0.000000 0.000000 1.000000
vn 0.000000 0.000000 1.000000
vn 0.000000 0.000000 -1.000000
vn 0.000000 0.000000 -1.000000
vn 0.000000 0.000000 -1.000000
vn 0.000000 0.000000 -1.000000
vn 0.000000 0.000000 1.000000
vn 0.000000 0.000000 1.000000
vn 0.000000 0.000000 1.000000
vn 0.000000 0.000000 1.000000
vn 0.000000 0.000000 -1.000000
vn 0.000000 0.000000 -1.000000
vn 0.000000 0.000000 -1.000000
vn 0.000000 0.000000 -1.000000
vn 1.000000 0.000000 0.000000
vn 1.000000 0.000000 0.000000
vn 1.000000 0.000000 0.000000
vn 1.000000 0.000000 0.000000
vn 0.000000 0.000000 1.000000
vn 0.000000 0.000000 1.000000
vn 0.000000 0.000000 1.000000
vn 0.000000 0.000000 1.000000
vn 0.000000 -1.000000 0.000000
vn 0.000000 -1.000000 0.000000
vn 0.000000 -1.000000 0.000000
vn 0.000000 -1.000000 0.000000
vn 0.000000 0.000000 1.000000
vn 0.000000 0.000000 1.000000
vn 0.000000 1.000000 0.000000
vn 0.000000 1.000000 0.000000
vn 0.000000 0.000000 -1.000000
vn 0.000000 0.000000 -1.000000
vn -1.000000 0.000000 0.000000
vn -1.000000 0.000000 0.000000
vn -1.000000 0.000000 0.000000
vn -1.000000 0.000000 0.000000
vn 0.000000 0.000000 -1.000000
vn 0.000000 0.000000 -1.000000
vn 0.000000 0.000000 -1.000000
vn 0.000000 0.000000 -1.000000
vn 0.000000 0.000000 1.000000
vn 0.000000 0.000000 1.000000
vn 0.000000 0.000000 1.000000
vn 0.000000 0.000000 1.000000
vn 0.000000 0.000000 -1.000000
vn 0.000000 0.000000 -1.000000
vn 0.000000 0.000000 -1.000000
vn 0.000000 0.000000 -1.000000
vn 0.000000 0.000000 1.000000
vn 0.000000 0.000000 1.000000
vn 0.000000 0.000000 1.000000
vn 0.000000 0.000000 1.000000
vn 0.000000 0.000000 -1.000000
vn 0.000000 0.000000 -1.000000
vn 0.000000 0.000000 -1.000000
vn 0.000000 0.000000 -1.000000
vn 1.000000 0.000000 0.000000
vn 1.000000 0.000000 0.000000
vn 1.000000 0.000000 0.000000
vn 1.000000 0.000000 0.000000
vn 0.000000 0.000000 1.000000
vn 0.000000 0.000000 1.000000
vn 0.000000 0.000000 1.000000
vn 0.000000 0.000000 1.000000
vn 0.000000 -1.000000 0.000000
vn 0.000000 -1.000000 0.000000
vn 0.000000 -1.000000 0.000000
vn 0.000000 -1.000000 0.000000
vn 0.000000 0.000000 1.000000
vn 0.000000 0.000000 1.000000
vn 0.000000 1.000000 0.000000
vn 0.000000 1.000000 0.000000
vn 0.000000 1.000000 0.000000
vn 0.000000 1.000000 0.000000
vn 0.000000 0.000000 -1.000000
vn 0.000000 0.000000 -1.000000
vn -1.000000 0.000000 0.000000
vn -1.000000 0.000000 0.000000
vn -1.000000 0.000000 0.000000
vn -1.000000 0.000000 0.000000
vn 0.000000 0.000000 -1.000000
vn 0.000000 0.000000 -1.000000
vn 0.000000 0.000000 -1.000000
vn 0.000000 0.000000 -1.000000
vn 0.000000 0.000000 1.000000
vn 0.000000 0.000000 1.000000
vn 0.000000 0.000000 1.000000
vn 0.000000 0.000000 1.000000
vn 0.000000 0.000000 -1.000000
vn 0.000000 0.000000 -1.000000
vn 0.000000 0.000000 -1.000000
vn 0.000000 0.000000 -1.000000
vn 0.000000 0.000000 1.000000
vn 0.000000 0.000000 1.000000
vn 0.000000 0.000000 1.000000
vn 0.000000 0.000000 1.000000
vn 0.000000 0.000000 -1.000000
vn 0.000000 0.000000 -1.000000
vn 0.000000 0.000000 -1.000000
vn 0.000000 0.000000 -1.000000
vn 0.000000 0.000000 1.000000
vn 0.000000 0.000000 1.000000
vn 0.000000 0.000000 1.000000
vn 0.000000 0.000000 1.000000
vn -1.000000 0.000000 0.000000
vn -1.000000 0.000000 0.000000
vn -1.000000 0.000000 0.000000
vn -1.000000 0.000000 0.000000
vn 0.000000 0.000000 -1.000000
vn 0.000000 0.000000 -1.000000
vn 0.000000 0.000000 -1.000000
vn 0.000000 0.000000 -1.000000
vn 0.000000 0.000000 1.000000
vn 0.000000 0.000000 1.000000
vn 0.000000 0.000000 1.000000
vn 0.000000 0.000000 1.000000
vn 0.000000 -1.000000 0.000000
vn 0.000000 -1.000000 0.000000
vn 0.000000 -1.000000 0.000000
vn 0.000000 -1.000000 0.000000
vn 0.000000 0.000000 1.000000
vn 0.000000 0.000000 1.000000
vn 0.000000 0.000000 1.000000
vn 0.000000 0.000000 1.000000
vn 0.000000 0.000000 -1.000000
vn 0.000000 0.000000 -1.000000
vn 0.000000 0.000000 -1.000000
vn 0.000000 0.000000 -1.000000
vn 0.000000 0.000000 1.000000
vn 0.000000 0.000000 1.000000
vn 0.000000 0.000000 1.000000
vn 0.000000 0.000000 1.000000
vn 0.000000 1.000000 0.000000
vn 0.000000 1.000000 0.000000
vn 0.000000 1.000000 0.000000
vn 0.000000 1.000000 0.000000
vn 0.000000 0.000000 -1.000000
vn 0.000000 0.000000 -1.000000
vn 0.000000 0.000000 -1.000000
vn 0.000000 0.000000 -1.000000
vn 0.000000 -1.000000 0.000000
vn 0.000000 -1.000000 0.000000
vn 0.000000 -1.000000 0.000000
vn 0.000000 -1.000000 0.000000
vn 0.000000 0.000000 1.000000
vn 0.000000 0.000000 1.000000
vn 0.000000 0.000000 1.000000
vn 0.000000 0.000000 1.000000
vn 0.000000 0.000000 -1.000000
vn 0.000000 0.000000 -1.000000
vn 0.000000 0.000000 -1.000000
vn 0.000000 0.000000 -1.000000
vn 0.000000 0.000000 1.000000
vn 0.000000 0.000000 1.000000
vn 0.000000 0.000000 1.000000
vn 0.000000 0.000000 1.000000
vn 0.000000 1.000000 0.000000
vn 0.000000 1.000000 0.000000
vn 0.000000 1.000000 0.000000
vn 0.000000 1.000000 0.000000
vn 0.000000 0.000000 -1.000000
vn 0.000000 0.000000 -1.000000
vn 0.000000 0.000000 -1.000000
vn 0.000000 0.000000 -1.000000
vn -1.000000 0.000000 0.000000
vn -1.000000 0.000000 0.000000
vn -1.000000 0.000000 0.000000
vn -1.000000 0.000000 0.000000
vn 0.000000 0.000000 -1.000000
vn 0.000000 0.000000 -1.000000
vn 0.000000 0.000000 -1.000000
vn 0.000000 0.000000 -1.000000
vn 0.000000 0.000000 1.000000
vn 0.000000 0.000000 1.000000
vn 0.000000 0.000000 1.000000
vn 0.000000 0.000000 1.000000
vn -1.000000 0.000000 0.000000
vn -1.000000 0.000000 0.000000
vn -1.000000 0.000000 0.000000
vn -1.000000 0.000000 0.000000
vn -1.000000 0.000000 0.000000
vn -1.000000 0.000000 0.000000
vn -1.000000 0.000000 0.000000
vn -1.000000 0.000000 0.000000
vn 0.000000 0.000000 1.000000
vn 0.000000 0.000000 1.000000
vn 0.000000 0.000000 1.000000
vn 0.000000 0.000000 1.000000
vn 0.000000 1.000000 0.000000
vn 0.000000 1.000000 0.000000
vn 0.000000 1.000000 0.000000
vn 0.000000 1.000000 0.000000
vn 0.000000 0.000000 -1.000000
vn 0.000000 0.000000 -1.000000
vn 0.000000 0.000000 -1.000000
vn 0.000000 0.000000 -1.000000
vn 0.000000 -1.000000 0.000000
vn 0.000000 -1.000000 0.000000
vn 0.000000 -1.000000 0.000000
vn 0.000000 -1.000000 0.000000
vn 1.000000 0.000000 0.000000
vn 1.000000 0.000000 0.000000
vn 1.000000 0.000000 0.000000
vn 1.000000 0.000000 0.000000
vn -1.000000 0.000000 0.000000
vn -1.000000 0.000000 0.000000
vn -1.000000 0.000000 0.000000
vn -1.000000 0.000000 0.000000
vn 0.000000 0.000000 -1.000000
vn 0.000000 0.000000 -1.000000
vn 1.000000 0.000000 0.000000
vn 1.000000 0.000000 0.000000
vn 0.000000 0.000000 1.000000
vn 0.000000 0.000000 1.000000
vn 0.000000 0.000000 -1.000000
vn 0.000000 0.000000 -1.000000
vn 1.000000 0.000000 0.000000
vn 1.000000 0.000000 0.000000
vn 0.000000 0.000000 1.000000
vn 0.000000 0.000000 1.000000
vn -1.000000 0.000000 0.000000
vn -1.000000 0.000000 0.000000
vn -1.000000 0.000000 0.000000
vn -1.000000 0.000000 0.000000
vn 0.000000 0.000000 -1.000000
vn 0.000000 0.000000 -1.000000
vn 1.000000 0.000000 0.000000
vn 1.000000 0.000000 0.000000
vn 0.000000 0.000000 1.000000
vn 0.000000 0.000000 1.000000
vn 0.000000 -1.000000 0.000000
vn 0.000000 -1.000000 0.000000
vn 0.000000 0.000000 1.000000
vn 0.000000 0.000000 1.000000
vn 0.000000 1.000000 0.000000
vn 0.000000 1.000000 0.000000
vn 0.000000 1.000000 0.000000
vn 0.000000 1.000000 0.000000
vn 0.000000 0.000000 -1.000000
vn 0.000000 0.000000 -1.000000
vn 0.000000 -1.000000 0.000000
vn 0.000000 -1.000000 0.000000
vn 0.000000 -1.000000 0.000000
vn 0.000000 -1.000000 0.000000
vn 0.000000 0.000000 1.000000
vn 0.000000 0.000000 1.000000
vn 0.000000 1.000000 0.000000
vn 0.000000 1.000000 0.000000
vn 0.000000 1.000000 0.000000
vn 0.000000 1.000000 0.000000
vn 0.000000 0.000000 -1.000000
vn 0.000000 0.000000 -1.000000
vn 0.000000 1.000000 0.000000
vn 0.000000 1.000000 0.000000
vn 0.000000 1.000000 0.000000
vn 0.000000 1.000000 0.000000
vn 0.000000 0.000000 -1.000000
vn 0.000000 0.000000 -1.000000
vn 0.000000 0.000000 -1.000000
vn 0.000000 0.000000 -1.000000
vn 0.000000 0.000000 -1.000000
vn 0.000000 -1.000000 0.000000
vn 0.000000 -1.000000 0.000000
vn 0.000000 0.000000 1.000000
vn 0.000000 0.000000 1.000000
vn 0.000000 0.000000 1.000000
vn 0.000000 0.000000 1.000000
vn 0.000000 0.000000 1.000000
vn 0.000000 1.000000 0.000000
vn 0.000000 1.000000 0.000000
vn 0.000000 1.000000 0.000000
vn 0.000000 1.000000 0.000000
vn 0.000000 0.000000 -1.000000
vn 0.000000 0.000000 -1.000000
vn 0.000000 0.000000 -1.000000
vn 0.000000 0.000000 -1.000000
vn 0.000000 0.000000 -1.000000
vn 0.000000 -1.000000 0.000000
vn 0.000000 -1.000000 0.000000
vn 0.000000 0.000000 1.000000
vn 0.000000 0.000000 1.000000
vn 0.000000 0.000000 1.000000
vn 0.000000 0.000000 1.000000
vn 0.000000 0.000000 1.000000
vn 0.000000 0.000000 1.000000
vn 0.000000 0.000000 1.000000
vn 0.000000 0.000000 -1.000000
vn 0.000000 0.000000 -1.000000
vn -1.000000 0.000000 0.000000
vn -1.000000 0.000000 0.000000
vn -1.000000 0.000000 0.000000
vn -1.000000 0.000000 0.000000
vn 0.000000 0.000000 1.000000
vn 1.000000 0.000000 0.000000
vn 1.000000 0.000000 0.000000
vn 1.000000 0.000000 0.000000
vn 1.000000 0.000000 0.000000
vn 0.000000 0.000000 -1.000000
vn 0.000000 -1.000000 0.000000
vn 0.000000 -1.000000 0.000000
vn 0.000000 -1.000000 0.000000
vn 0.000000 -1.000000 0.000000
vn 0.000000 0.000000 1.000000
vn 0.000000 0.000000 1.000000
vn 0.000000 0.000000 1.000000
vn 0.000000 0.000000 1.000000
vn 0.000000 1.000000 0.000000
vn 0.000000 1.000000 0.000000
vn 0.000000 1.000000 0.000000
vn 0.000000 1.000000 0.000000
vn 0.000000 0.000000 -1.000000
vn 0.000000 0.000000 -1.000000
vn 0.000000 0.000000 -1.000000
vn 0.000000 0.000000 -1.000000
vn 0.000000 0.000000 1.000000
vn 0.000000 0.000000 1.000000
vn 0.000000 0.000000 1.000000
vn 0.000000 0.000000 1.000000
vn 1.000000 0.000000 0.000000
vn 1.000000 0.000000 0.000000
vn 1.000000 0.000000 0.000000
vn 1.000000 0.000000 0.000000
vn 0.000000 0.000000 -1.000000
vn 0.000000 0.000000 -1.000000
vn 0.000000 0.000000 -1.000000
vn 0.000000 0.000000 -1.000000
vn 0.000000 0.000000 -1.000000
vn 0.000000 0.000000 -1.000000
vn 0.000000 0.000000 -1.000000
vn 0.000000 0.000000 -1.000000
vn -1.000000 0.000000 0.000000
vn -1.000000 0.000000 0.000000
vn -1.000000 0.000000 0.000000
vn -1.000000 0.000000 0.000000
vn 0.000000 0.000000 1.000000
vn 0.000000 0.000000 1.000000
vn 0.000000 0.000000 1.000000
vn 0.000000 0.000000 1.000000
vn 0.000000 -1.000000 0.000000
vn 0.000000 -1.000000 0.000000
vn 0.000000 -1.000000 0.000000
vn 0.000000 -1.000000 0.000000
vn 0.000000 0.000000 1.000000
vn 0.000000 0.000000 1.000000
vn 0.000000 1.000000 0.000000
vn 0.000000 1.000000 0.000000
vn 0.000000 1.000000 0.000000
vn 0.000000 1.000000 0.000000
vn 0.000000 0.000000 -1.000000
vn 0.000000 0.000000 -1.000000
vn 0.000000 0.000000 1.000000
vn 0.000000 0.000000 1.000000
vn 0.000000 0.000000 1.000000
vn 0.000000 0.000000 1.000000
vn 1.000000 0.000000 0.000000
vn 1.000000 0.000000 0.000000
vn 1.000000 0.000000 0.000000
vn 1.000000 0.000000 0.000000
vn 0.000000 0.000000 -1.000000
vn 0.000000 0.000000 -1.000000
vn 0.000000 0.000000 -1.000000
vn 0.000000 0.000000 -1.000000
vn 0.000000 0.000000 -1.000000
vn 0.000000 0.000000 -1.000000
vn 0.000000 0.000000 -1.000000
vn 0.000000 0.000000 -1.000000
vn 0.000000 0.000000 1.000000
vn 0.000000 0.000000 1.000000
vn 0.000000 0.000000 1.000000
vn 0.000000 0.000000 1.000000
vn 0.000000 0.000000 -1.000000
vn 0.000000 0.000000 -1.000000
vn 0.000000 0.000000 -1.000000
vn 0.000000 0.000000 -1.000000
vn -1.000000 0.000000 0.000000
vn -1.000000 0.000000 0.000000
vn -1.000000 0.000000 0.000000
vn -1.000000 0.000000 0.000000
vn 0.000000 0.000000 1.000000
vn 0.000000 0.000000 1.000000
vn 0.000000 0.000000 1.000000
vn 0.000000 0.000000 1.000000
vn 0.000000 -1.000000 0.000000
vn 0.000000 -1.000000 0.000000
vn 0.000000 -1.000000 0.000000
vn 0.000000 -1.000000 0.000000
vn 0.000000 0.000000 1.000000
vn 0.000000 0.000000 1.000000
vn 0.000000 1.000000 0.000000
vn 0.000000 1.000000 0.000000
vn 0.000000 1.000000 0.000000
vn 0.000000 1.000000 0.000000
vn 0.000000 0.000000 -1.000000
vn 0.000000 0.000000 -1.000000
vn 1.000000 0.000000 0.000000
vn 1.000000 0.000000 0.000000
vn 1.000000 0.000000 0.000000
vn 1.000000 0.000000 0.000000
vn 0.000000 0.000000 -1.000000
vn 0.000000 0.000000 -1.000000
vn 0.000000 0.000000 -1.000000
vn 0.000000 0.000000 -1.000000
vn 0.000000 0.000000 1.000000
vn 0.000000 0.000000 1.000000
vn 0.000000 0.000000 1.000000
vn 0.000000 0.000000 1.000000
vn 0.000000 0.000000 -1.000000
vn 0.000000 0.000000 -1.000000
vn 0.000000 0.000000 -1.000000
vn 0.000000 0.000000 -1.000000
vn 0.000000 0.000000 1.000000
vn 0.000000 0.000000 1.000000
vn 0.000000 0.000000 1.000000
vn 0.000000 0.000000 1.000000
vn 0.000000 0.000000 -1.000000
vn 0.000000 0.000000 -1.000000
vn 0.000000 0.000000 -1.000000
vn 0.000000 0.000000 -1.000000
vn -1.000000 0.000000 0.000000
vn -1.000000 0.000000 0.000000
vn -1.000000 0.000000 0.000000
vn -1.000000 0.000000 0.000000
vn 0.000000 0.000000 1.000000
vn 0.000000 0.000000 1.000000
vn 0.000000 0.000000 1.000000
vn 0.000000 0.000000 1.000000
vn 0.000000 -1.000000 0.000000
vn 0.000000 -1.000000 0.000000
vn 0.000000 -1.000000 0.000000
vn 0.000000 -1.000000 0.000000
vn 0.000000 0.000000 1.000000
vn 0.000000 0.000000 1.000000
vn 0.000000 1.000000 0.000000
vn 0.000000 1.000000 0.000000
vn 0.000000 0.000000 -1.000000
vn 0.000000 0.000000 -1.000000
vn 1.000000 0.000000 0.000000
vn 1.000000 0.000000 0.000000
vn 1.000000 0.000000 0.000000
vn 1.000000 0.000000 0.000000
vn 0.000000 0.000000 -1.000000
vn 0.000000 0.000000 -1.000000
vn 0.000000 0.000000 -1.000000
vn 0.000000 0.000000 -1.000000
vn 0.000000 0.000000 1.000000
vn 0.000000 0.000000 1.000000
vn 0.000000 0.000000 1.000000
vn 0.000000 0.000000 1.000000
vn 0.000000 0.000000 -1.000000
vn 0.000000 0.000000 -1.000000
vn 0.000000 0.000000 -1.000000
vn 0.000000 0.000000 -1.000000
vn 0.000000 0.000000 1.000000
vn 0.000000 0.000000 1.000000
vn 0.000000 0.000000 1.000000
vn 0.000000 0.000000 1.000000
vn 0.000000 0.000000 -1.000000
vn 0.000000 0.000000 -1.000000
vn 0.000000 0.000000 -1.000000
vn 0.000000 0.000000 -1.000000
vn -1.000000 0.000000 0.000000
vn -1.000000 0.000000 0.000000
vn -1.000000 0.000000 0.000000
vn -1.000000 0.000000 0.000000
vn 0.000000 0.000000 1.000000
vn 0.000000 0.000000 1.000000
vn 0.000000 0.000000 1.000000
vn 0.000000 0.000000 1.000000
vn 0.000000 -1.000000 0.000000
vn 0.000000 -1.000000 0.000000
vn 0.000000 -1.000000 0.000000
vn 0.000000 -1.000000 0.000000
vn 0.000000 0.000000 1.000000
vn 0.000000 0.000000 1.000000
vn 0.000000 1.000000 0.000000
vn 0.000000 1.000000 0.000000
vn 0.000000 1.000000 0.000000
vn 0.000000 1.000000 0.000000
vn 0.000000 0.000000 -1.000000
vn 0.000000 0.000000 -1.000000
vn 1.000000 0.000000 0.000000
vn 1.000000 0.000000 0.000000
vn 1.000000 0.000000 0.000000
vn 1.000000 0.000000 0.000000
vn 0.000000 0.000000 -1.000000
vn 0.000000 0.000000 -1.000000
vn 0.000000 0.000000 -1.000000
vn 0.000000 0.000000 -1.000000
vn 0.000000 0.000000 1.000000
vn 0.000000 0.000000 1.000000
vn 0.000000 0.000000 1.000000
vn 0.000000 0.000000 1.000000
vn 0.000000 0.000000 -1.000000
vn 0.000000 0.000000 -1.000000
vn 0.000000 0.000000 -1.000000
vn 0.000000 0.000000 -1.000000
vn 0.000000 0.000000 1.000000
vn 0.000000 0.000000 1.000000
vn 0.000000 0.000000 1.000000
vn 0.000000 0.000000 1.000000
vn 0.000000 0.000000 -1.000000
vn 0.000000 0.000000 -1.000000
vn 0.000000 0.000000 -1.000000
vn 0.000000 0.000000 -1.000000
vn 0.000000 0.000000 1.000000
vn 0.000000 0.000000 1.000000
vn 0.000000 0.000000 1.000000
vn 0.000000 0.000000 1.000000
vn 1.000000 0.000000 0.000000
vn 1.000000 0.000000 0.000000
vn 1.000000 0.000000 0.000000
vn 1.000000 0.000000 0.000000
vn 0.000000 0.000000 -1.000000
vn 0.000000 0.000000 -1.000000
vn 0.000000 0.000000 -1.000000
vn 0.000000 0.000000 -1.000000
vn 0.000000 0.000000 1.000000
vn 0.000000 0.000000 1.000000
vn 0.000000 0.000000 1.000000
vn 0.000000 0.000000 1.000000
vn 0.000000 -1.000000 0.000000
vn 0.000000 -1.000000 0.000000
vn 0.000000 -1.000000 0.000000
vn 0.000000 -1.000000 0.000000
vn 0.000000 0.000000 1.000000
vn 0.000000 0.000000 1.000000
vn 0.000000 0.000000 1.000000
vn 0.000000 0.000000 1.000000
vn 0.000000 0.000000 -1.000000
vn 0.000000 0.000000 -1.000000
vn 0.000000 0.000000 -1.000000
vn 0.000000 0.000000 -1.000000
vn 0.000000 0.000000 1.000000
vn 0.000000 0.000000 1.000000
vn 0.000000 0.000000 1.000000
vn 0.000000 0.000000 1.000000
vn 0.000000 1.000000 0.000000
vn 0.000000 1.000000 0.000000
vn 0.000000 1.000000 0.000000
vn 0.000000 1.000000 0.000000
vn 0.000000 0.000000 -1.000000
vn 0.000000 0.000000 -1.000000
vn 0.000000 0.000000 -1.000000
vn 0.000000 0.000000 -1.000000
vn 0.000000 -1.000000 0.000000
vn 0.000000 -1.000000 0.000000
vn 0.000000 -1.000000 0.000000
vn 0.000000 -1.000000 0.000000
vn 0.000000 0.000000 1.000000
vn 0.000000 0.000000 1.000000
vn 0.000000 0.000000 1.000000
vn 0.000000 0.000000 1.000000
vn 0.000000 0.000000 -1.000000
vn 0.000000 0.000000 -1.000000
vn 0.000000 0.000000 -1.000000
vn 0.000000 0.000000 -1.000000
vn 0.000000 0.000000 1.000000
vn 0.000000 0.000000 1.000000
vn 0.000000 0.000000 1.000000
vn 0.000000 0.000000 1.000000
vn 0.000000 1.000000 0.000000
vn 0.000000 1.000000 0.000000
vn 0.000000 1.000000 0.000000
vn 0.000000 1.000000 0.000000
vn 0.000000 0.000000 -1.000000
vn 0.000000 0.000000 -1.000000
vn 0.000000 0.000000 -1.000000
vn 0.000000 0.000000 -1.000000
vn 1.000000 0.000000 0.000000
vn 1.000000 0.000000 0.000000
vn 1.000000 0.000000 0.000000
vn 1.000000 0.000000 0.000000
vn 0.000000 0.000000 -1.000000
vn 0.000000 0.000000 -1.000000
vn 0.000000 0.000000 -1.000000
vn 0.000000 0.000000 -1.000000
vn 0.000000 0.000000 1.000000
vn 0.000000 0.000000 1.000000
vn 0.000000 0.000000 1.000000
vn 0.000000 0.000000 1.000000
vn 1.000000 0.000000 0.000000
vn 1.000000 0.000000 0.000000
vn 1.000000 0.000000 0.000000
vn 1.000000 0.000000 0.000000
vn 1.000000 0.000000 0.000000
vn 1.000000 0.000000 0.000000
vn 1.000000 0.000000 0.000000
vn 1.000000 0.000000 0.000000
vn 0.000000 -1.000000 0.000000
vn 0.000000 -1.000000 0.000000
vn 0.000000 -1.000000 0.000000
vn 0.000000 -1.000000 0.000000
vn 0.000000 0.000000 -1.000000
vn 0.000000 0.000000 -1.000000
vn 0.000000 0.000000 -1.000000
vn 0.000000 0.000000 -1.000000
vn 0.000000 0.000000 1.000000
vn 0.000000 0.000000 1.000000
vn 0.000000 0.000000 1.000000
vn 0.000000 0.000000 1.000000
vn 0.000000 0.000000 -1.000000
vn 0.000000 0.000000 -1.000000
vn 0.000000 0.000000 -1.000000
vn 0.000000 0.000000 -1.000000
vn 0.000000 0.000000 1.000000
vn 0.000000 0.000000 1.000000
vn 0.000000 0.000000 1.000000
vn 0.000000 0.000000 1.000000
vn 0.000000 0.000000 -1.000000
vn 0.000000 0.000000 -1.000000
vn 0.000000 0.000000 -1.000000
vn 0.000000 0.000000 -1.000000
vn 0.000000 0.000000 1.000000
vn 0.000000 0.000000 1.000000
vn 0.000000 0.000000 1.000000
vn 0.000000 0.000000 1.000000
vn 0.000000 0.000000 -1.000000
vn 0.000000 0.000000 -1.000000
vn 0.000000 0.000000 -1.000000
vn 0.000000 0.000000 -1.000000
vn 0.000000 0.000000 1.000000
vn 0.000000 0.000000 1.000000
vn 0.000000 0.000000 1.000000
vn 0.000000 0.000000 1.000000
vn 0.000000 0.000000 -1.000000
vn 0.000000 0.000000 -1.000000
vn 0.000000 0.000000 -1.000000
vn 0.000000 0.000000 -1.000000
vn 0.000000 0.000000 -1.000000
vn 0.000000 0.000000 -1.000000
vn 0.000000 0.000000 -1.000000
vn 0.000000 0.000000 -1.000000
vn 0.000000 0.000000 -1.000000
vn 0.000000 0.000000 -1.000000
vn 0.000000 0.000000 -1.000000
vn 0.000000 0.000000 -1.000000
vn 0.000000 0.000000 1.000000
vn 0.000000 0.000000 1.000000
vn 0.000000 0.000000 1.000000
vn 0.000000 0.000000 1.000000
vn 0.000000 0.000000 1.000000
vn 0.000000 0.000000 1.000000
vn 0.000000 0.000000 1.000000
vn 0.000000 0.000000 1.000000
vn 0.000000 0.000000 1.000000
vn 0.000000 0.000000 1.000000
vn 0.000000 0.000000 1.000000
vn 0.000000 0.000000 1.000000
vn 0.000000 1.000000 0.000000
vn 0.000000 1.000000 0.000000
vn 0.000000 1.000000 0.000000
vn 0.000000 1.000000 0.000000
s 1
g TopWindow
usemtl blinn2SG
f 27/379/77 35/380/78 62/381/79 61/382/80
s off
f 95/211/81 98/212/82 97/213/83 96/214/84
s 2
f 36/511/85 33/512/86 60/513/87 59/514/88
s 3
f 33/215/89 27/216/90 61/217/91 60/218/92
s 4
f 28/59/93 38/60/94 37/61/95 34/62/96
s off
f 36/69/97 40/70/98 39/71/99 35/72/100
s 2
f 40/519/101 36/511/85 59/514/88 58/520/102
s 4
f 38/60/94 42/63/103 41/64/104 37/61/95
s 1
f 35/380/78 39/385/105 63/386/106 62/381/79
s 2
f 44/526/107 40/519/101 58/520/102 57/527/108
s 4
f 42/63/103 46/65/109 45/66/110 41/64/104
s 1
f 39/385/105 43/391/111 64/392/112 63/386/106
s off
f 44/73/113 31/74/114 29/75/115 43/76/116
s 2
f 31/535/117 44/526/107 57/527/108 56/536/118
s 4
f 46/65/109 30/67/119 32/68/120 45/66/110
s 1
f 43/391/111 29/401/121 55/402/122 64/392/112
s 3
f 33/215/89 47/219/123 48/220/124 27/216/90
s 1
f 27/379/77 48/383/125 49/384/126 35/380/78
s off
f 35/235/127 49/236/128 50/237/129 36/238/130
s 2
f 36/511/85 50/515/131 47/516/132 33/512/86
s off
f 40/239/133 52/240/134 51/241/135 39/242/136
s 1
f 39/385/105 51/398/137 53/400/138 43/391/111
s off
f 43/243/139 53/244/140 54/245/141 44/246/142
s 2
f 44/526/107 54/534/143 52/528/144 40/519/101
s off
f 76/247/145 77/248/146 80/249/147 79/250/148
s 2
f 57/527/108 67/533/149 66/541/150 56/536/118
f 58/520/102 68/525/151 67/533/149 57/527/108
f 59/514/88 69/518/152 68/525/151 58/520/102
f 60/513/87 70/517/153 69/518/152 59/514/88
s 3
f 61/217/91 71/221/154 70/222/155 60/218/92
s 1
f 62/381/79 72/387/156 71/388/157 61/382/80
f 63/386/106 73/393/158 72/387/156 62/381/79
f 64/392/112 74/403/159 73/393/158 63/386/106
f 55/402/122 65/410/160 74/403/159 64/392/112
s off
f 65/251/161 66/252/162 32/253/163 30/254/164
s 2
f 67/533/149 45/540/165 32/551/166 66/541/150
f 68/525/151 41/532/167 45/540/165 67/533/149
f 69/518/152 37/524/168 41/532/167 68/525/151
f 70/517/153 34/523/169 37/524/168 69/518/152
s 3
f 71/221/154 28/225/170 34/226/171 70/222/155
s 1
f 72/387/156 38/394/172 28/395/173 71/388/157
f 73/393/158 42/404/174 38/394/172 72/387/156
f 74/403/159 46/411/175 42/404/174 73/393/158
f 65/410/160 30/424/176 46/411/175 74/403/159
f 29/401/121 75/408/177 76/409/178 55/402/122
s 2
f 56/536/118 77/542/179 78/543/180 31/535/117
s off
f 82/77/181 84/78/182 83/79/183 81/80/184
s 1
f 55/402/122 76/409/178 79/423/185 65/410/160
s off
f 65/81/186 79/82/187 80/83/188 66/84/189
s 2
f 66/541/150 80/552/190 77/542/179 56/536/118
s off
f 31/255/191 82/256/192 81/257/193 29/258/194
f 29/401/195 81/419/196 83/420/197 75/408/198
f 107/259/199 110/260/200 109/261/201 108/262/202
f 78/543/203 84/555/204 82/556/205 31/535/206
f 75/408/207 85/421/208 86/422/209 76/409/210
f 76/85/211 86/86/212 87/87/213 77/88/214
f 77/542/215 87/553/216 88/554/217 78/543/218
s 5
f 78/543/219 88/554/220 89/565/221 84/555/222
s off
f 92/91/223 94/92/224 93/93/225 91/94/226
s 6
f 83/420/227 90/431/228 85/421/229 75/408/230
s off
f 84/263/231 92/264/232 91/265/233 83/266/234
s 6
f 83/420/227 91/444/235 93/445/236 90/431/228
s off
f 119/267/237 122/268/238 121/269/239 120/270/240
s 5
f 89/565/221 94/577/241 92/578/242 84/555/222
s off
f 85/421/243 95/432/244 96/433/245 86/422/246
f 86/86/247 96/89/248 97/90/249 87/87/250
f 87/553/251 97/563/252 98/564/253 88/554/254
f 88/554/255 98/564/256 99/576/257 89/565/258
f 90/431/259 100/446/260 95/432/261 85/421/262
s 7
f 89/565/263 99/576/264 101/593/265 94/577/266
s off
f 104/95/267 106/96/268 105/97/269 103/98/270
s 8
f 93/445/271 102/459/272 100/446/273 90/431/274
s off
f 94/271/275 104/272/276 103/273/277 93/274/278
s 8
f 93/445/271 103/476/279 105/477/280 102/459/272
s 9
f 131/275/281 134/276/282 133/277/283 132/278/284
s 7
f 101/593/265 106/609/285 104/610/286 94/577/266
s off
f 95/99/287 107/100/288 108/101/289 98/102/290
f 98/564/291 108/591/292 109/592/293 99/576/294
f 100/446/295 110/460/296 107/461/297 95/432/298
f 99/576/299 109/592/300 111/608/301 101/593/302
f 102/459/303 112/478/304 110/460/305 100/446/306
s 10
f 101/593/307 111/608/308 113/626/309 106/609/310
s off
f 116/103/311 118/104/312 117/105/313 115/106/314
s 11
f 105/477/315 114/492/316 112/478/317 102/459/318
s off
f 106/281/319 116/282/320 115/283/321 105/284/322
s 11
f 105/477/315 115/502/323 117/485/324 114/492/316
s 9
f 134/276/282 136/279/325 135/280/326 133/277/283
s 10
f 113/626/309 118/615/327 116/634/328 106/609/310
s off
f 110/107/329 119/108/330 120/109/331 109/110/332
f 109/592/333 120/624/334 121/625/335 111/608/336
f 112/478/337 122/493/338 119/494/339 110/460/340
f 111/608/341 121/625/342 123/612/343 113/626/344
f 114/492/345 124/484/346 122/493/347 112/478/348
s 12
f 113/626/349 123/612/350 125/596/351 118/615/352
s off
f 128/111/353 130/112/354 129/113/355 127/114/356
s 13
f 117/485/357 126/471/358 124/484/359 114/492/360
s off
f 118/285/361 128/286/362 127/287/363 117/288/364
s 13
f 117/485/357 127/486/365 129/452/366 126/471/358
s off
f 139/289/367 142/290/368 141/291/369 140/292/370
s 12
f 125/596/351 130/581/371 128/614/372 118/615/352
s off
f 122/115/373 131/116/374 132/117/375 121/118/376
f 121/625/377 132/627/378 133/613/379 123/612/380
f 124/484/381 134/483/382 131/498/383 122/493/384
f 123/612/385 133/613/386 135/597/387 125/596/388
f 126/471/389 136/470/390 134/483/391 124/484/392
f 125/596/393 135/597/394 137/580/395 130/581/396
f 129/452/397 138/453/398 136/470/399 126/471/400
f 136/119/401 139/120/402 140/121/403 135/122/404
f 135/597/405 140/611/406 141/595/407 137/580/408
f 138/453/409 142/469/410 139/482/411 136/470/412
f 130/295/413 144/296/414 143/297/415 129/298/416
f 129/452/417 143/438/418 145/439/419 138/453/420
f 137/580/421 146/566/422 144/567/423 130/581/424
f 138/453/425 145/439/426 147/451/427 142/469/428
f 142/290/429 147/293/430 148/294/431 141/291/432
f 141/595/433 148/579/434 146/566/435 137/580/436
f 144/296/437 150/299/438 149/300/439 143/297/440
f 143/438/441 149/417/442 151/429/443 145/439/444
f 146/566/445 152/557/446 150/544/447 144/567/448
f 145/439/449 151/429/450 153/442/451 147/451/452
f 155/301/453 158/302/454 157/303/455 156/304/456
f 148/579/457 154/568/458 152/557/459 146/566/460
f 147/123/461 155/124/462 156/125/463 148/126/464
f 148/579/465 156/594/466 157/582/467 154/568/468
f 153/442/469 158/457/470 155/468/471 147/451/472
f 53/127/473 149/128/474 150/129/475 54/130/476
f 49/131/477 51/132/478 52/133/479 50/134/480
s 14
f 159/396/481 193/405/482 194/406/483 167/397/484
s off
f 227/309/485 228/310/486 229/311/487 230/312/488
s 15
f 168/530/489 191/538/490 192/539/491 165/531/492
s 16
f 165/227/493 192/229/494 193/230/495 159/228/496
s 17
f 160/135/497 166/136/498 169/137/499 170/138/500
s off
f 168/145/501 167/146/502 171/147/503 172/148/504
s 15
f 172/547/505 190/548/506 191/538/490 168/530/489
s 17
f 170/138/500 169/137/499 173/139/507 174/140/508
s 14
f 167/397/484 194/406/483 195/414/509 171/415/510
s 15
f 176/546/511 189/559/512 190/548/506 172/547/505
s 17
f 174/140/508 173/139/507 177/141/513 178/142/514
s 14
f 171/415/510 195/414/509 196/428/515 175/416/516
s off
f 176/149/517 175/150/518 161/151/519 163/152/520
s 15
f 163/572/521 188/573/522 189/559/512 176/546/511
s 17
f 178/142/514 177/141/513 164/143/523 162/144/524
s 14
f 175/416/516 196/428/515 187/436/525 161/437/526
s 16
f 165/227/493 159/228/496 180/224/527 179/223/528
s 14
f 159/396/481 167/397/484 181/390/529 180/389/530
s off
f 167/313/531 168/314/532 182/315/533 181/316/534
s 15
f 168/530/489 165/531/492 179/522/535 182/521/536
s off
f 172/317/537 171/318/538 183/319/539 184/320/540
s 14
f 171/415/510 175/416/516 185/407/541 183/399/542
s off
f 175/321/543 176/322/544 186/323/545 185/324/546
s 15
f 176/546/511 172/547/505 184/529/547 186/537/548
s off
f 208/325/549 211/326/550 212/327/551 209/328/552
s 15
f 189/559/512 188/573/522 198/589/553 199/574/554
f 190/548/506 189/559/512 199/574/554 200/560/555
f 191/538/490 190/548/506 200/560/555 201/549/556
f 192/539/491 191/538/490 201/549/556 202/550/557
s 16
f 193/230/495 192/229/494 202/231/558 203/232/559
s 14
f 194/406/483 193/405/482 203/412/560 204/413/561
f 195/414/509 194/406/483 204/413/561 205/427/562
f 196/428/515 195/414/509 205/427/562 206/435/563
f 187/436/525 196/428/515 206/435/563 197/448/564
s off
f 197/329/565 162/330/566 164/331/567 198/332/568
s 15
f 199/574/554 198/589/553 164/607/569 177/590/570
f 200/560/555 199/574/554 177/590/570 173/575/571
f 201/549/556 200/560/555 173/575/571 169/561/572
f 202/550/557 201/549/556 169/561/572 166/562/573
s 16
f 203/232/559 202/231/558 166/233/574 160/234/575
s 14
f 204/413/561 203/412/560 160/425/576 170/426/577
f 205/427/562 204/413/561 170/426/577 174/434/578
f 206/435/563 205/427/562 174/434/578 178/447/579
f 197/448/564 206/435/563 178/447/579 162/462/580
f 161/437/526 187/436/525 208/449/581 207/450/582
s 15
f 188/573/522 163/572/521 210/587/583 209/588/584
s off
f 214/153/585 213/154/586 215/155/587 216/156/588
s 14
f 187/436/525 197/448/564 211/463/589 208/449/581
s off
f 197/157/590 198/158/591 212/159/592 211/160/593
s 15
f 198/589/553 188/573/522 209/588/584 212/606/594
s off
f 163/333/595 161/334/596 213/335/597 214/336/598
f 161/437/599 207/450/600 215/466/601 213/467/602
f 239/337/603 240/338/604 241/339/605 242/340/606
f 210/587/607 163/572/608 214/602/609 216/603/610
f 207/450/611 208/449/612 218/464/613 217/465/614
f 208/161/615 209/162/616 219/163/617 218/164/618
f 209/588/619 210/587/620 220/604/621 219/605/622
s 18
f 210/587/623 216/603/624 221/621/625 220/604/626
s off
f 224/167/627 223/168/628 225/169/629 226/170/630
s 19
f 215/466/631 207/450/632 217/465/633 222/481/634
s off
f 216/341/635 215/342/636 223/343/637 224/344/638
s 19
f 215/466/631 222/481/634 225/496/639 223/497/640
s off
f 251/345/641 252/346/642 253/347/643 254/348/644
s 18
f 221/621/625 216/603/624 224/631/645 226/632/646
s off
f 217/465/647 218/464/648 228/479/649 227/480/650
f 218/164/651 219/163/652 229/165/653 228/166/654
f 219/605/655 220/604/656 230/622/657 229/623/658
f 220/604/659 221/621/660 231/633/661 230/622/662
f 222/481/663 217/465/664 227/480/665 232/495/666
s 20
f 221/621/667 226/632/668 233/638/669 231/633/670
s off
f 236/171/671 235/172/672 237/173/673 238/174/674
s 21
f 225/496/675 222/481/676 232/495/677 234/505/678
s off
f 226/349/679 225/350/680 235/351/681 236/352/682
s 21
f 225/496/675 234/505/678 237/506/683 235/509/684
s 22
f 263/353/685 264/354/686 265/355/687 266/356/688
s 20
f 233/638/669 226/632/668 236/642/689 238/635/690
s off
f 227/175/691 230/176/692 240/177/693 239/178/694
f 230/622/695 231/633/696 241/639/697 240/640/698
f 232/495/699 227/480/700 239/503/701 242/504/702
f 231/633/703 233/638/704 243/637/705 241/639/706
f 234/505/707 232/495/708 242/504/709 244/508/710
s 23
f 233/638/711 238/635/712 245/628/713 243/637/714
s off
f 248/179/715 247/180/716 249/181/717 250/182/718
s 24
f 237/506/719 234/505/720 244/508/721 246/499/722
s off
f 238/359/723 237/360/724 247/361/725 248/362/726
s 24
f 237/506/719 246/499/722 249/487/727 247/507/728
s 22
f 266/356/688 265/355/687 267/357/729 268/358/730
s 23
f 245/628/713 238/635/712 248/636/731 250/617/732
s off
f 242/183/733 241/184/734 252/185/735 251/186/736
f 241/639/737 243/637/738 253/629/739 252/641/740
f 244/508/741 242/504/742 251/510/743 254/500/744
f 243/637/745 245/628/746 255/619/747 253/629/748
f 246/499/749 244/508/750 254/500/751 256/489/752
s 25
f 245/628/753 250/617/754 257/600/755 255/619/756
s off
f 260/187/757 259/188/758 261/189/759 262/190/760
s 26
f 249/487/761 246/499/762 256/489/763 258/472/764
s off
f 250/363/765 249/364/766 259/365/767 260/366/768
s 26
f 249/487/761 258/472/764 261/454/769 259/488/770
s off
f 271/367/771 272/368/772 273/369/773 274/370/774
s 25
f 257/600/755 250/617/754 260/618/775 262/586/776
s off
f 254/191/777 253/192/778 264/193/779 263/194/780
f 253/629/781 255/619/782 265/620/783 264/630/784
f 256/489/785 254/500/786 263/501/787 266/490/788
f 255/619/789 257/600/790 267/601/791 265/620/792
f 258/472/793 256/489/794 266/490/795 268/473/796
f 257/600/797 262/586/798 269/585/799 267/601/800
f 261/454/801 258/472/802 268/473/803 270/455/804
f 268/195/805 267/196/806 272/197/807 271/198/808
f 267/601/809 269/585/810 273/599/811 272/616/812
f 270/455/813 268/473/814 271/491/815 274/474/816
f 262/373/817 261/374/818 275/375/819 276/376/820
f 261/454/821 270/455/822 277/441/823 275/440/824
f 269/585/825 262/586/826 276/571/827 278/570/828
f 270/455/829 274/474/830 279/456/831 277/441/832
f 274/370/833 273/369/834 280/371/835 279/372/836
f 273/599/837 269/585/838 278/570/839 280/584/840
f 276/376/841 275/375/842 281/377/843 282/378/844
f 275/440/845 277/441/846 283/430/847 281/418/848
f 278/570/849 276/571/850 282/545/851 284/558/852
f 277/441/853 279/456/854 285/443/855 283/430/856
f 287/307/857 288/308/858 289/306/859 290/305/860
f 280/584/861 278/570/862 284/558/863 286/569/864
f 279/199/865 280/200/866 288/201/867 287/202/868
f 280/584/869 286/569/870 289/583/871 288/598/872
f 285/443/873 279/456/874 287/475/875 290/458/876
f 185/203/877 186/204/878 282/205/879 281/206/880
f 181/207/881 182/208/882 184/209/883 183/210/884
f 48/220/885 47/219/886 179/223/887 180/224/888
f 47/516/889 50/515/890 182/521/891 179/522/892
f 49/384/893 48/383/894 180/389/895 181/390/896
f 50/515/897 52/528/898 184/529/899 182/521/900
f 51/398/901 49/384/902 181/390/903 183/399/904
f 52/528/905 54/534/906 186/537/907 184/529/908
f 53/400/909 51/398/910 183/399/911 185/407/912
f 54/534/913 150/544/914 282/545/915 186/537/916
f 149/417/917 53/400/918 185/407/919 281/418/920
f 150/544/921 152/557/922 284/558/923 282/545/924
f 152/557/925 154/568/926 286/569/927 284/558/928
f 154/568/929 157/582/930 289/583/931 286/569/932
f 151/429/933 149/417/934 281/418/935 283/430/936
f 153/442/937 151/429/938 283/430/939 285/443/940
f 158/457/941 153/442/942 285/443/943 290/458/944
f 157/303/945 158/302/946 290/305/947 289/306/948
g default
v 0.240000 0.000000 0.000000
v 0.950000 0.000000 0.000000
v 0.950000 0.000000 0.010000
v 0.240000 0.000000 0.010000
v 0.240000 0.720000 0.010000
v 0.240000 0.720000 0.000000
v 0.340000 0.300000 0.000000
v 0.340000 0.680000 0.000000
v 0.340000 0.680000 0.010000
v 0.340000 0.300000 0.010000
v 0.820000 0.300000 0.000000
v 0.820000 0.300000 0.010000
v 0.820000 0.680000 0.010000
v 0.820000 0.680000 0.000000
v 0.950000 0.720000 0.000000
v 0.950000 0.720000 0.010000
v 0.370000 0.330000 0.000000
v 0.370000 0.650000 0.000000
v 0.370000 0.650000 0.010000
v 0.370000 0.330000 0.010000
v 0.790000 0.330000 0.000000
v 0.790000 0.330000 0.010000
v 0.790000 0.650000 0.010000
v 0.790000 0.650000 0.000000
v 0.570000 0.680000 0.010000
v 0.570000 0.650000 0.010000
v 0.570000 0.650000 0.000000
v 0.570000 0.680000 0.000000
v 0.570000 0.720000 0.000000
v 0.570000 0.720000 0.010000
v 0.590000 0.680000 0.010000
v 0.590000 0.650000 0.010000
v 0.590000 0.650000 0.000000
v 0.590000 0.680000 0.000000
v 0.590000 0.720000 0.000000
v 0.590000 0.720000 0.010000
v 0.570000 0.300000 0.010000
v 0.570000 0.330000 0.010000
v 0.570000 0.330000 0.000000
v 0.570000 0.300000 0.000000
v 0.570000 0.000000 0.000000
v 0.570000 0.000000 0.010000
v 0.590000 0.300000 0.010000
v 0.590000 0.330000 0.010000
v 0.590000 0.330000 0.000000
v 0.590000 0.300000 0.000000
v 0.590000 0.000000 0.000000
v 0.590000 0.000000 0.010000
v 0.820000 0.540000 0.010000
v 0.790000 0.540000 0.010000
v 0.790000 0.540000 0.000000
v 0.820000 0.540000 0.000000
v 0.950000 0.539999 0.000000
v 0.950000 0.539999 0.010000
v 0.820000 0.520000 0.010000
v 0.790000 0.520000 0.010000
v 0.790000 0.520000 0.000000
v 0.820000 0.520000 0.000000
v 0.950000 0.519999 0.000000
v 0.950000 0.519999 0.010000
v 0.240000 0.540000 0.010000
v 0.240000 0.540000 0.000000
v 0.340000 0.540000 0.000000
v 0.370000 0.540000 0.000000
v 0.370000 0.540000 0.010000
v 0.340000 0.540000 0.010000
v 0.240000 0.520000 0.010000
v 0.240000 0.520000 0.000000
v 0.340000 0.520001 0.000000
v 0.370000 0.520001 0.000000
v 0.370000 0.520001 0.010000
v 0.340000 0.520001 0.010000
v 0.570000 0.540000 0.010000
v 0.570000 0.520001 0.010000
v 0.570000 0.520001 0.000000
v 0.570000 0.540000 0.000000
v 0.590000 0.540000 0.010000
v 0.590000 0.520001 0.010000
v 0.590000 0.520001 0.000000
v 0.590000 0.540000 0.000000
v 0.340000 0.520001 0.030000
v 0.340000 0.300000 0.030000
v 0.370000 0.330000 0.030000
v 0.370000 0.520001 0.030000
v 0.570000 0.300000 0.030000
v 0.570000 0.330000 0.030000
v 0.820000 0.680000 0.030000
v 0.590000 0.680000 0.030000
v 0.590000 0.650000 0.030000
v 0.790000 0.650000 0.030000
v 0.820000 0.300000 0.030000
v 0.820000 0.520000 0.030000
v 0.790000 0.520000 0.030000
v 0.790000 0.330000 0.030000
v 0.570000 0.680000 0.030000
v 0.340000 0.680000 0.030000
v 0.370000 0.650000 0.030000
v 0.570000 0.650000 0.030000
v 0.590000 0.300000 0.030000
v 0.590000 0.330000 0.030000
v 0.820000 0.540000 0.030000
v 0.790000 0.540000 0.030000
v 0.340000 0.540000 0.030000
v 0.370000 0.540000 0.030000
v 0.590000 0.520001 0.030000
v 0.590000 0.540000 0.030000
v 0.570000 0.520001 0.030000
v 0.570000 0.540000 0.030000
v 0.590000 0.978854 0.010000
v 0.950000 0.800000 0.010000
v 0.950000 0.800000 0.000000
v 0.590000 0.978854 0.000000
v 0.240000 1.157423 0.010000
v 0.570000 0.988946 0.010000
v 0.570000 0.988946 0.000000
v 0.240000 1.157423 0.000000
v -0.240000 0.000000 0.000000
v -0.950000 0.000000 0.000000
v -0.950000 0.000000 0.010000
v -0.240000 0.000000 0.010000
v -0.240000 0.720000 0.010000
v -0.240000 0.720000 0.000000
v -0.340000 0.300000 0.000000
v -0.340000 0.680000 0.000000
v -0.340000 0.680000 0.010000
v -0.340000 0.300000 0.010000
v -0.820000 0.300000 0.000000
v -0.820000 0.300000 0.010000
v -0.820000 0.680000 0.010000
v -0.820000 0.680000 0.000000
v -0.950000 0.720000 0.000000
v -0.950000 0.720000 0.010000
v -0.370000 0.330000 0.000000
v -0.370000 0.650000 0.000000
v -0.370000 0.650000 0.010000
v -0.370000 0.330000 0.010000
v -0.790000 0.330000 0.000000
v -0.790000 0.330000 0.010000
v -0.790000 0.650000 0.010000
v -0.790000 0.650000 0.000000
v -0.570000 0.680000 0.010000
v -0.570000 0.650000 0.010000
v -0.570000 0.650000 0.000000
v -0.570000 0.680000 0.000000
v -0.570000 0.720000 0.000000
v -0.570000 0.720000 0.010000
v -0.590000 0.680000 0.010000
v -0.590000 0.650000 0.010000
v -0.590000 0.650000 0.000000
v -0.590000 0.680000 0.000000
v -0.590000 0.720000 0.000000
v -0.590000 0.720000 0.010000
v -0.570000 0.300000 0.010000
v -0.570000 0.330000 0.010000
v -0.570000 0.330000 0.000000
v -0.570000 0.300000 0.000000
v -0.570000 0.000000 0.000000
v -0.570000 0.000000 0.010000
v -0.590000 0.300000 0.010000
v -0.590000 0.330000 0.010000
v -0.590000 0.330000 0.000000
v -0.590000 0.300000 0.000000
v -0.590000 0.000000 0.000000
v -0.590000 0.000000 0.010000
v -0.820000 0.540000 0.010000
v -0.790000 0.540000 0.010000
v -0.790000 0.540000 0.000000
v -0.820000 0.540000 0.000000
v -0.950000 0.539999 0.000000
v -0.950000 0.539999 0.010000
v -0.820000 0.520000 0.010000
v -0.790000 0.520000 0.010000
v -0.790000 0.520000 0.000000
v -0.820000 0.520000 0.000000
v -0.950000 0.519999 0.000000
v -0.950000 0.519999 0.010000
v -0.240000 0.540000 0.010000
v -0.240000 0.540000 0.000000
v -0.340000 0.540000 0.000000
v -0.370000 0.540000 0.000000
v -0.370000 0.540000 0.010000
v -0.340000 0.540000 0.010000
v -0.240000 0.520000 0.010000
v -0.240000 0.520000 0.000000
v -0.340000 0.520001 0.000000
v -0.370000 0.520001 0.000000
v -0.370000 0.520001 0.010000
v -0.340000 0.520001 0.010000
v -0.570000 0.540000 0.010000
v -0.570000 0.520001 0.010000
v -0.570000 0.520001 0.000000
v -0.570000 0.540000 0.000000
v -0.590000 0.540000 0.010000
v -0.590000 0.520001 0.010000
v -0.590000 0.520001 0.000000
v -0.590000 0.540000 0.000000
v -0.340000 0.520001 0.030000
v -0.340000 0.300000 0.030000
v -0.370000 0.330000 0.030000
v -0.370000 0.520001 0.030000
v -0.570000 0.300000 0.030000
v -0.570000 0.330000 0.030000
v -0.820000 0.680000 0.030000
v -0.590000 0.680000 0.030000
v -0.590000 0.650000 0.030000
v -0.790000 0.650000 0.030000
v -0.820000 0.300000 0.030000
v -0.820000 0.520000 0.030000
v -0.790000 0.520000 0.030000
v -0.790000 0.330000 0.030000
v -0.570000 0.680000 0.030000
v -0.340000 0.680000 0.030000
v -0.370000 0.650000 0.030000
v -0.570000 0.650000 0.030000
v -0.590000 0.300000 0.030000
v -0.590000 0.330000 0.030000
v -0.820000 0.540000 0.030000
v -0.790000 0.540000 0.030000
v -0.340000 0.540000 0.030000
v -0.370000 0.540000 0.030000
v -0.590000 0.520001 0.030000
v -0.590000 0.540000 0.030000
v -0.570000 0.520001 0.030000
v -0.570000 0.540000 0.030000
v -0.590000 0.978854 0.010000
v -0.950000 0.800000 0.010000
v -0.950000 0.800000 0.000000
v -0.590000 0.978854 0.000000
v -0.240000 1.157423 0.010000
v -0.570000 0.988946 0.010000
v -0.570000 0.988946 -0.000000
v -0.240000 1.157423 -0.000000
v -0.000000 1.280000 0.010000
v 0.000000 0.720000 0.010000
v 0.000000 0.720000 0.000000
v -0.000000 1.280000 -0.000000
v 0.210000 0.000000 0.010000
v 0.210000 0.000000 0.000000
v 0.210000 0.520000 0.010000
v 0.210000 0.520000 0.000000
v 0.210000 0.540000 0.010000
v 0.210000 0.540000 0.000000
v 0.210000 0.690000 0.010000
v 0.210000 0.690000 0.000000
v -0.210000 0.520000 0.000000
v -0.210000 0.000000 0.000000
v -0.210000 0.520000 0.010000
v -0.210000 0.000000 0.010000
v -0.210000 0.690000 0.000000
v -0.210000 0.540000 0.000000
v -0.210000 0.690000 0.010000
v -0.210000 0.540000 0.010000
v 0.000000 0.690000 0.010000
v 0.000000 0.690000 0.000000
v 0.240000 0.000000 0.030000
v 0.240000 0.520000 0.030000
v 0.210000 0.520000 0.030000
v 0.210000 0.000000 0.030000
v 0.240000 0.540000 0.030000
v 0.240000 0.720000 0.030000
v 0.210000 0.690000 0.030000
v 0.210000 0.540000 0.030000
v -0.240000 0.000000 0.030000
v -0.240000 0.520000 0.030000
v -0.210000 0.000000 0.030000
v -0.210000 0.520000 0.030000
v -0.240000 0.540000 0.030000
v -0.240000 0.720000 0.030000
v -0.210000 0.540000 0.030000
v -0.210000 0.690000 0.030000
v 0.000000 0.720000 0.030000
v 0.000000 0.690000 0.030000
vt 0.470666 0.125193
vt 0.476221 0.130749
vt 0.476221 0.104823
vt 0.433629 0.130749
vt 0.433628 0.125193
vt 0.470666 0.104823
vt 0.470666 0.101119
vt 0.476221 0.101119
vt 0.429925 0.125193
vt 0.429925 0.130749
vt 0.433629 0.104823
vt 0.433629 0.101119
vt 0.470666 0.065933
vt 0.476221 0.060378
vt 0.392888 0.125193
vt 0.387332 0.130749
vt 0.429925 0.104823
vt 0.429925 0.101119
vt 0.433628 0.065933
vt 0.433628 0.060378
vt 0.392888 0.104823
vt 0.387332 0.104823
vt 0.429925 0.065933
vt 0.429925 0.060378
vt 0.405547 0.812699
vt 0.407399 0.812699
vt 0.407399 0.908999
vt 0.405547 0.908999
vt 0.411103 0.812699
vt 0.411103 0.908999
vt 0.407399 0.912702
vt 0.405547 0.912702
vt 0.411103 0.912702
vt 0.407399 0.940481
vt 0.405547 0.940481
vt 0.411103 0.940481
vt 0.378515 0.812621
vt 0.380367 0.812621
vt 0.380367 0.908918
vt 0.378515 0.908918
vt 0.380367 0.912622
vt 0.378515 0.912622
vt 0.380367 0.945955
vt 0.378515 0.945955
vt 0.380367 0.960770
vt 0.378515 0.960770
vt 0.417383 0.812702
vt 0.417383 0.908997
vt 0.415531 0.908997
vt 0.415531 0.812702
vt 0.417383 0.912701
vt 0.415531 0.912701
vt 0.411828 0.908997
vt 0.411828 0.812702
vt 0.417383 0.940478
vt 0.415531 0.940478
vt 0.411828 0.912701
vt 0.411828 0.940478
vt 0.382824 0.812622
vt 0.382824 0.908918
vt 0.380972 0.908918
vt 0.380972 0.812622
vt 0.382824 0.912621
vt 0.380972 0.912621
vt 0.382824 0.945955
vt 0.380972 0.945955
vt 0.382824 0.960769
vt 0.380972 0.960769
vt 0.400513 0.812655
vt 0.400513 0.908950
vt 0.396809 0.908950
vt 0.396809 0.812655
vt 0.400513 0.912654
vt 0.396809 0.912654
vt 0.400513 0.945986
vt 0.396809 0.945986
vt 0.401178 0.908949
vt 0.401178 0.812658
vt 0.404882 0.812658
vt 0.404882 0.908949
vt 0.401178 0.912652
vt 0.404882 0.912652
vt 0.401178 0.945983
vt 0.404882 0.945983
vt 0.383703 0.944196
vt 0.383703 0.883085
vt 0.385555 0.883085
vt 0.385555 0.944196
vt 0.383703 0.879381
vt 0.385555 0.879381
vt 0.385555 0.949751
vt 0.383703 0.949751
vt 0.383703 0.812714
vt 0.385555 0.812714
vt 0.389258 0.944196
vt 0.389258 0.949751
vt 0.548285 0.667956
vt 0.548285 0.597390
vt 0.550245 0.597390
vt 0.550245 0.667956
vt 0.548285 0.671877
vt 0.550245 0.671877
vt 0.548285 0.736562
vt 0.550245 0.736562
vt 0.550245 0.783607
vt 0.548285 0.783607
vt 0.550245 0.830651
vt 0.548285 0.830651
vt 0.550245 0.895336
vt 0.548285 0.895336
vt 0.550245 0.899257
vt 0.548285 0.899257
vt 0.550245 0.969823
vt 0.548285 0.969823
vt 0.390256 0.818272
vt 0.392108 0.818272
vt 0.392108 0.879382
vt 0.390256 0.879382
vt 0.390256 0.812716
vt 0.392108 0.812716
vt 0.392108 0.883086
vt 0.390256 0.883086
vt 0.395812 0.812716
vt 0.395812 0.818272
vt 0.392108 0.949753
vt 0.390256 0.949753
vt 0.439952 0.812584
vt 0.441804 0.812584
vt 0.441804 0.851471
vt 0.439952 0.851471
vt 0.445508 0.812584
vt 0.445508 0.851471
vt 0.441804 0.890359
vt 0.439952 0.890359
vt 0.445508 0.890359
vt 0.439287 0.812489
vt 0.439287 0.856933
vt 0.435583 0.856933
vt 0.435583 0.812489
vt 0.439287 0.901376
vt 0.435583 0.901376
vt 0.066667 0.896296
vt 0.000000 0.896296
vt 0.024074 0.888889
vt 0.066667 0.888889
vt 0.066667 0.944232
vt 0.000000 0.911111
vt 0.000000 0.862963
vt 0.024074 0.862963
vt 0.070370 0.896296
vt 0.070370 0.888889
vt 0.070370 0.946101
vt 0.000000 0.859259
vt 0.024074 0.859259
vt 0.131482 0.896296
vt 0.112963 0.888889
vt 0.131482 0.977300
vt 0.000000 0.762963
vt 0.024074 0.818519
vt 0.112963 0.862963
vt 0.131482 0.862963
vt 0.175926 0.896296
vt 0.175926 1.000000
vt 0.066667 0.762963
vt 0.066667 0.818519
vt 0.112963 0.859259
vt 0.131482 0.859259
vt 0.137037 0.862963
vt 0.137037 0.890741
vt 0.175926 0.890741
vt 0.220370 0.896296
vt 0.220370 0.977300
vt 0.070370 0.762963
vt 0.070370 0.818519
vt 0.112963 0.818519
vt 0.131482 0.762963
vt 0.137037 0.859259
vt 0.214815 0.890741
vt 0.281482 0.896296
vt 0.281482 0.946101
vt 0.137037 0.762963
vt 0.220370 0.862963
vt 0.214815 0.862963
vt 0.285185 0.896296
vt 0.285185 0.944232
vt 0.238889 0.888889
vt 0.281482 0.888889
vt 0.238889 0.862963
vt 0.220370 0.859259
vt 0.214815 0.859259
vt 0.351852 0.896296
vt 0.351852 0.911111
vt 0.285185 0.888889
vt 0.238889 0.859259
vt 0.220370 0.762963
vt 0.214815 0.762963
vt 0.327778 0.888889
vt 0.238889 0.818519
vt 0.327778 0.862963
vt 0.351852 0.862963
vt 0.281482 0.818519
vt 0.281482 0.762963
vt 0.327778 0.859259
vt 0.351852 0.859259
vt 0.285185 0.818519
vt 0.285185 0.762963
vt 0.327778 0.818519
vt 0.351852 0.762963
vt 0.289062 0.133333
vt 0.289062 0.125926
vt 0.331654 0.125926
vt 0.355728 0.133333
vt 0.285358 0.133333
vt 0.285358 0.125926
vt 0.331654 0.100000
vt 0.355728 0.100000
vt 0.355728 0.148148
vt 0.289062 0.181269
vt 0.224247 0.133333
vt 0.242765 0.125926
vt 0.285358 0.183138
vt 0.331654 0.096296
vt 0.355728 0.096296
vt 0.224247 0.100000
vt 0.242765 0.100000
vt 0.224247 0.214338
vt 0.331654 0.055556
vt 0.355728 0.000000
vt 0.224247 0.096296
vt 0.242765 0.096296
vt 0.179802 0.237037
vt 0.179802 0.133333
vt 0.289062 0.055556
vt 0.289062 0.000000
vt 0.224247 0.000000
vt 0.242765 0.055556
vt 0.135358 0.214338
vt 0.135358 0.133333
vt 0.285358 0.055556
vt 0.285358 0.000000
vt 0.074247 0.183138
vt 0.074247 0.133333
vt 0.070543 0.181269
vt 0.070543 0.133333
vt 0.074247 0.125926
vt 0.116839 0.125926
vt 0.003876 0.148148
vt 0.003876 0.133333
vt 0.070543 0.125926
vt 0.135358 0.100000
vt 0.116839 0.100000
vt 0.027951 0.125926
vt 0.135358 0.096296
vt 0.116839 0.096296
vt 0.003876 0.100000
vt 0.027951 0.100000
vt 0.135358 0.000000
vt 0.116839 0.055556
vt 0.003876 0.096296
vt 0.027951 0.096296
vt 0.074247 0.000000
vt 0.074247 0.055556
vt 0.003876 0.000000
vt 0.027951 0.055556
vt 0.070543 0.000000
vt 0.070543 0.055556
vt 0.726752 0.010975
vt 0.726752 0.107269
vt 0.721196 0.107269
vt 0.721196 0.010975
vt 0.726752 0.110973
vt 0.721196 0.110973
vt 0.726752 0.144305
vt 0.721196 0.138750
vt 0.682308 0.144305
vt 0.682308 0.138750
vt 0.637865 0.144305
vt 0.643420 0.138750
vt 0.637865 0.110973
vt 0.643420 0.110973
vt 0.637865 0.107269
vt 0.643420 0.107269
vt 0.637865 0.010975
vt 0.643420 0.010975
vt 0.495750 0.888491
vt 0.495750 0.923674
vt 0.493898 0.923674
vt 0.493898 0.888491
vt 0.490195 0.923674
vt 0.490195 0.888491
vt 0.448084 0.884393
vt 0.448084 0.919578
vt 0.446233 0.919578
vt 0.446233 0.884393
vt 0.451788 0.884393
vt 0.451788 0.919578
vt 0.496475 0.888524
vt 0.498327 0.888524
vt 0.498327 0.908896
vt 0.496475 0.908896
vt 0.502031 0.888524
vt 0.502031 0.908896
vt 0.500178 0.909824
vt 0.502030 0.909824
vt 0.502030 0.930193
vt 0.500178 0.930193
vt 0.496475 0.930193
vt 0.496475 0.909824
vt 0.456217 0.884120
vt 0.458068 0.884120
vt 0.458068 0.919305
vt 0.456217 0.919305
vt 0.452513 0.919305
vt 0.452513 0.884120
vt 0.458793 0.888490
vt 0.460645 0.888490
vt 0.460645 0.923675
vt 0.458793 0.923675
vt 0.464349 0.888490
vt 0.464349 0.923675
vt 0.508311 0.908895
vt 0.506459 0.908895
vt 0.506459 0.888525
vt 0.508311 0.888525
vt 0.502755 0.908895
vt 0.502755 0.888525
vt 0.510887 0.908895
vt 0.509035 0.908895
vt 0.509035 0.888525
vt 0.510887 0.888525
vt 0.514591 0.888525
vt 0.514591 0.908895
vt 0.446233 0.853476
vt 0.446233 0.812736
vt 0.449936 0.812736
vt 0.449936 0.853476
vt 0.446233 0.857180
vt 0.449936 0.857180
vt 0.446233 0.883106
vt 0.449936 0.883106
vt 0.463043 0.812737
vt 0.463043 0.853476
vt 0.459339 0.853476
vt 0.459339 0.812737
vt 0.463043 0.857180
vt 0.459339 0.857180
vt 0.463043 0.883105
vt 0.459339 0.883105
vt 0.481824 0.812473
vt 0.481824 0.849511
vt 0.479973 0.849511
vt 0.479973 0.812473
vt 0.476269 0.849511
vt 0.476269 0.812473
vt 0.465560 0.812471
vt 0.465560 0.849514
vt 0.463708 0.849514
vt 0.463708 0.812471
vt 0.469265 0.812471
vt 0.469265 0.849514
vt 0.482549 0.812473
vt 0.484401 0.812473
vt 0.484401 0.849511
vt 0.482549 0.849511
vt 0.488105 0.812473
vt 0.488105 0.849511
vt 0.475545 0.812471
vt 0.475545 0.849514
vt 0.473693 0.849514
vt 0.473693 0.812471
vt 0.469989 0.849514
vt 0.469989 0.812471
vt 0.488829 0.812473
vt 0.490681 0.812473
vt 0.490681 0.849511
vt 0.488829 0.849511
vt 0.494385 0.812473
vt 0.494385 0.849511
vt 0.511374 0.850430
vt 0.513225 0.850430
vt 0.513225 0.887464
vt 0.511374 0.887464
vt 0.507670 0.887464
vt 0.507670 0.850430
vt 0.495110 0.812473
vt 0.496962 0.812473
vt 0.496962 0.849511
vt 0.495110 0.849511
vt 0.500665 0.812473
vt 0.500665 0.849511
vt 0.505094 0.812473
vt 0.506946 0.812473
vt 0.506946 0.849511
vt 0.505094 0.849511
vt 0.501390 0.849511
vt 0.501390 0.812473
vt 0.418108 0.901379
vt 0.418108 0.858784
vt 0.421812 0.858784
vt 0.421812 0.901379
vt 0.418108 0.855081
vt 0.421812 0.855081
vt 0.418108 0.812487
vt 0.421812 0.812487
vt 0.426180 0.812488
vt 0.426180 0.855081
vt 0.422477 0.855081
vt 0.422477 0.812488
vt 0.426180 0.858784
vt 0.422477 0.858784
vt 0.426180 0.901377
vt 0.422477 0.901377
vt 0.728339 0.898030
vt 0.687598 0.898030
vt 0.687598 0.892475
vt 0.722783 0.892475
vt 0.683894 0.898030
vt 0.683894 0.892475
vt 0.728339 0.855438
vt 0.722783 0.855438
vt 0.657968 0.898030
vt 0.663524 0.892475
vt 0.683894 0.855438
vt 0.687598 0.855438
vt 0.728339 0.851734
vt 0.722783 0.851734
vt 0.657968 0.855438
vt 0.663524 0.855438
vt 0.683894 0.851734
vt 0.687598 0.851734
vt 0.728339 0.809141
vt 0.722783 0.814697
vt 0.657968 0.851734
vt 0.663524 0.851734
vt 0.683894 0.814697
vt 0.687598 0.814697
vt 0.687598 0.809141
vt 0.657968 0.809141
vt 0.663524 0.814697
vt 0.683894 0.809141
vt 0.387332 0.101119
vt 0.387332 0.060378
vt 0.392888 0.065933
vt 0.392888 0.101119
vt 0.465074 0.888490
vt 0.466925 0.888490
vt 0.466925 0.923675
vt 0.465074 0.923675
vt 0.470629 0.888490
vt 0.470629 0.923675
vt 0.475057 0.888763
vt 0.476909 0.888763
vt 0.476909 0.923948
vt 0.475057 0.923948
vt 0.471354 0.923948
vt 0.471354 0.888763
vt 0.445508 0.891255
vt 0.445508 0.911626
vt 0.443656 0.911626
vt 0.443656 0.891255
vt 0.439952 0.911626
vt 0.439952 0.891255
vt 0.419960 0.902451
vt 0.419960 0.922821
vt 0.418108 0.922821
vt 0.418108 0.902451
vt 0.423663 0.902451
vt 0.423663 0.922821
vt 0.479486 0.888490
vt 0.479486 0.923675
vt 0.477634 0.923675
vt 0.477634 0.888490
vt 0.483190 0.888490
vt 0.483190 0.923675
vt 0.489470 0.888490
vt 0.489470 0.923675
vt 0.487618 0.923675
vt 0.487618 0.888490
vt 0.483914 0.923675
vt 0.483914 0.888490
vt 0.424388 0.922821
vt 0.424388 0.902451
vt 0.426240 0.902451
vt 0.426240 0.922821
vt 0.429944 0.902451
vt 0.429944 0.922821
vt 0.434372 0.922821
vt 0.434372 0.902451
vt 0.436224 0.902451
vt 0.436224 0.922821
vt 0.430668 0.922821
vt 0.430668 0.902451
vt 0.454305 0.853476
vt 0.450602 0.853476
vt 0.450602 0.812736
vt 0.454305 0.812736
vt 0.454305 0.857180
vt 0.450602 0.857180
vt 0.454305 0.883106
vt 0.450602 0.883106
vt 0.454970 0.812736
vt 0.458674 0.812736
vt 0.458674 0.853476
vt 0.454970 0.853476
vt 0.458674 0.857180
vt 0.454970 0.857180
vt 0.458674 0.883106
vt 0.454970 0.883106
vt 0.513226 0.849511
vt 0.511374 0.849511
vt 0.511374 0.812474
vt 0.513226 0.812474
vt 0.507670 0.849511
vt 0.507670 0.812474
vt 0.465560 0.887466
vt 0.463708 0.887466
vt 0.463708 0.850429
vt 0.465560 0.850429
vt 0.469264 0.850429
vt 0.469264 0.887466
vt 0.469989 0.887466
vt 0.469989 0.850428
vt 0.471840 0.850428
vt 0.471840 0.887466
vt 0.475544 0.850428
vt 0.475544 0.887466
vt 0.481824 0.887466
vt 0.479972 0.887466
vt 0.479972 0.850428
vt 0.481824 0.850428
vt 0.476269 0.887466
vt 0.476269 0.850428
vt 0.482549 0.887466
vt 0.482549 0.850429
vt 0.484401 0.850429
vt 0.484401 0.887466
vt 0.488105 0.850429
vt 0.488105 0.887466
vt 0.492533 0.887466
vt 0.492533 0.850429
vt 0.494385 0.850429
vt 0.494385 0.887466
vt 0.488829 0.887466
vt 0.488829 0.850429
vt 0.495110 0.887466
vt 0.495110 0.850429
vt 0.496962 0.850429
vt 0.496962 0.887466
vt 0.500665 0.850429
vt 0.500665 0.887466
vt 0.505094 0.887466
vt 0.505094 0.850429
vt 0.506945 0.850429
vt 0.506945 0.887466
vt 0.501390 0.887466
vt 0.501390 0.850429
vt 0.426846 0.812488
vt 0.430549 0.812488
vt 0.430549 0.855081
vt 0.426846 0.855081
vt 0.430549 0.858784
vt 0.426846 0.858784
vt 0.430549 0.901377
vt 0.426846 0.901377
vt 0.434918 0.901377
vt 0.431215 0.901377
vt 0.431215 0.858784
vt 0.434918 0.858784
vt 0.431215 0.855081
vt 0.434918 0.855081
vt 0.431215 0.812488
vt 0.434918 0.812488
vt 0.645365 0.809654
vt 0.639810 0.815209
vt 0.604624 0.815209
vt 0.604624 0.809654
vt 0.645365 0.852246
vt 0.639810 0.852247
vt 0.600921 0.815209
vt 0.600921 0.809654
vt 0.645365 0.855950
vt 0.639810 0.855950
vt 0.600921 0.852246
vt 0.604624 0.852246
vt 0.580550 0.815209
vt 0.574995 0.809654
vt 0.645365 0.898543
vt 0.639810 0.892987
vt 0.604624 0.855950
vt 0.600921 0.855950
vt 0.580550 0.852247
vt 0.574995 0.852247
vt 0.604624 0.898543
vt 0.604624 0.892987
vt 0.580550 0.855950
vt 0.600921 0.892987
vt 0.574995 0.855950
vt 0.600921 0.898543
vt 0.580550 0.892987
vt 0.574995 0.898543
vt 0.578628 0.100407
vt 0.573072 0.100407
vt 0.573072 0.065222
vt 0.578628 0.059666
vt 0.578628 0.104110
vt 0.573072 0.104111
vt 0.536035 0.065222
vt 0.536035 0.059666
vt 0.578628 0.130036
vt 0.573072 0.124481
vt 0.536035 0.104111
vt 0.536035 0.100407
vt 0.532331 0.065222
vt 0.532332 0.059666
vt 0.536035 0.130036
vt 0.536035 0.124481
vt 0.532331 0.104111
vt 0.532331 0.100407
vt 0.495294 0.065222
vt 0.489739 0.059666
vt 0.532331 0.130036
vt 0.532331 0.124481
vt 0.495294 0.104110
vt 0.495294 0.100407
vt 0.489739 0.100407
vt 0.489739 0.130036
vt 0.495294 0.124481
vt 0.489739 0.104111
vn 0.000000 -1.000000 0.000000
vn 0.000000 -1.000000 0.000000
vn 0.000000 -1.000000 0.000000
vn 0.000000 -1.000000 0.000000
vn -1.000000 0.000000 0.000000
vn -1.000000 0.000000 0.000000
vn -1.000000 0.000000 0.000000
vn -1.000000 0.000000 0.000000
vn 1.000000 0.000000 0.000000
vn 1.000000 0.000000 0.000000
vn 1.000000 0.000000 0.000000
vn 1.000000 0.000000 0.000000
vn 0.000000 1.000000 0.000000
vn 0.000000 1.000000 0.000000
vn 0.000000 1.000000 0.000000
vn 0.000000 1.000000 0.000000
vn 0.000000 -1.000000 0.000000
vn 0.000000 -1.000000 0.000000
vn 0.000000 -1.000000 0.000000
vn 0.000000 -1.000000 0.000000
vn -1.000000 0.000000 0.000000
vn -1.000000 0.000000 0.000000
vn -1.000000 0.000000 0.000000
vn -1.000000 0.000000 0.000000
vn 1.000000 -0.000000 0.000000
vn 1.000000 -0.000000 0.000000
vn 1.000000 -0.000000 0.000000
vn 1.000000 -0.000000 0.000000
vn 0.445226 0.895418 -0.000001
vn 0.444932 0.895565 0.000000
vn 0.444932 0.895565 0.000000
vn 0.445226 0.895418 -0.000001
vn 0.000000 0.000000 -1.000000
vn 0.000000 0.000000 -1.000000
vn 0.000000 0.000000 -1.000000
vn 0.000000 0.000000 -1.000000
vn 0.000000 0.000000 -1.000000
vn 0.000000 0.000000 -1.000000
vn 0.000000 0.000000 -1.000000
vn 0.000000 0.000000 -1.000000
vn -0.000000 0.000000 1.000000
vn 0.000000 0.000000 1.000000
vn 0.000000 0.000000 1.000000
vn 0.000000 0.000000 1.000000
vn 0.000000 0.000000 1.000000
vn 0.000000 0.000000 1.000000
vn 0.000000 -0.000000 1.000000
vn -0.000000 -0.000000 1.000000
vn 0.000000 0.000000 1.000000
vn 0.000000 0.000000 1.000000
vn 0.000000 0.000000 1.000000
vn 0.000000 0.000000 1.000000
vn 0.000000 0.000000 1.000000
vn 0.000000 0.000000 1.000000
vn 0.000000 0.000000 -1.000000
vn 0.000000 0.000000 -1.000000
vn 0.000000 0.000000 -1.000000
vn 0.000000 0.000000 -1.000000
vn 0.000000 0.000000 -1.000000
vn 0.000000 0.000000 -1.000000
vn 0.000000 0.000000 -1.000000
vn 0.000000 0.000000 -1.000000
vn 0.000000 0.000000 -1.000000
vn 0.000000 0.000000 -1.000000
vn 0.000000 0.000000 1.000000
vn 0.000000 0.000000 1.000000
vn 0.000000 0.000000 1.000000
vn 0.000000 0.000000 1.000000
vn 0.000000 0.000000 -1.000000
vn 0.000000 0.000000 -1.000000
vn 0.000000 0.000000 -1.000000
vn 0.000000 0.000000 -1.000000
vn 0.000000 -0.000000 1.000000
vn 0.000000 -0.000000 1.000000
vn -0.000000 -0.000000 1.000000
vn 0.000000 -0.000000 1.000000
vn 0.000000 0.000000 1.000000
vn 0.000000 0.000000 1.000000
vn 0.000000 0.000000 1.000000
vn 0.000000 0.000000 1.000000
vn 0.000000 0.000000 -1.000000
vn 0.000000 0.000000 -1.000000
vn 0.000000 0.000000 -1.000000
vn 0.000000 0.000000 -1.000000
vn 0.000000 0.000000 1.000000
vn 0.000000 0.000000 1.000000
vn 0.000000 0.000000 1.000000
vn 0.000000 0.000000 1.000000
vn 0.000000 0.000000 -1.000000
vn 0.000000 0.000000 -1.000000
vn 0.000000 0.000000 -1.000000
vn 0.000000 0.000000 -1.000000
vn 0.000000 0.000000 1.000000
vn 0.000000 0.000000 1.000000
vn 0.000000 0.000000 1.000000
vn 0.000000 0.000000 1.000000
vn 0.000000 -1.000000 0.000000
vn 0.000000 -1.000000 0.000000
vn 0.000000 -1.000000 0.000000
vn 0.000000 -1.000000 0.000000
vn 0.000000 0.000000 -1.000000
vn 0.000000 0.000000 -1.000000
vn 0.000000 0.000000 -1.000000
vn 0.000000 0.000000 -1.000000
vn 0.000000 0.000000 -1.000000
vn 0.000000 0.000000 -1.000000
vn 0.000000 0.000000 -1.000000
vn 0.000000 0.000000 -1.000000
vn 0.454703 0.890643 0.000000
vn 0.454464 0.890765 -0.000001
vn 0.454464 0.890765 -0.000001
vn 0.454703 0.890643 0.000000
vn 0.000000 0.000000 1.000000
vn 0.000000 0.000000 1.000000
vn 0.000000 0.000000 1.000000
vn 0.000000 0.000000 1.000000
vn -0.000000 -0.000000 1.000000
vn -0.000000 -0.000000 1.000000
vn 0.000000 0.000000 -1.000000
vn 0.000000 0.000000 -1.000000
vn 0.000000 0.000000 -1.000000
vn 0.000000 0.000000 -1.000000
vn 0.000000 -1.000000 0.000000
vn 0.000000 -1.000000 0.000000
vn -0.000000 -0.000000 1.000000
vn -0.000000 -0.000000 1.000000
vn -0.000000 -0.000000 1.000000
vn -0.000000 -0.000000 1.000000
vn 0.000000 1.000000 0.000000
vn 0.000000 1.000000 0.000000
vn 0.000000 1.000000 0.000000
vn 0.000000 1.000000 0.000000
vn 0.000000 0.000000 -1.000000
vn 0.000000 0.000000 -1.000000
vn 0.000000 -1.000000 0.000000
vn 0.000000 -1.000000 0.000000
vn 0.000000 0.000000 1.000000
vn 0.000000 0.000000 1.000000
vn 0.000000 0.000000 1.000000
vn 0.000000 0.000000 1.000000
vn -1.000000 0.000000 0.000000
vn -1.000000 -0.000001 0.000000
vn -1.000000 -0.000001 0.000000
vn -1.000000 0.000000 0.000000
vn 0.000000 0.000000 -1.000000
vn 0.000000 0.000000 -1.000000
vn 0.000000 0.000000 -1.000000
vn 0.000000 0.000000 -1.000000
vn 0.000000 0.000000 -1.000000
vn 0.000000 0.000000 -1.000000
vn 1.000000 0.000000 0.000000
vn 1.000000 0.000000 0.000000
vn 1.000000 0.000001 0.000000
vn 1.000000 0.000001 0.000000
vn 0.000000 0.000000 1.000000
vn 0.000000 0.000000 1.000000
vn -1.000000 0.000000 0.000000
vn -1.000000 0.000000 0.000000
vn -1.000000 0.000000 0.000000
vn -1.000000 0.000000 0.000000
vn 0.000000 0.000000 -1.000000
vn 0.000000 0.000000 -1.000000
vn 0.000000 0.000000 -1.000000
vn 0.000000 0.000000 -1.000000
vn 0.000000 0.000000 -1.000000
vn 0.000000 0.000000 -1.000000
vn 1.000000 0.000000 0.000000
vn 1.000000 0.000000 0.000000
vn 1.000000 0.000000 0.000000
vn 1.000000 0.000000 0.000000
vn 0.000000 -0.000000 1.000000
vn 0.000000 -0.000000 1.000000
vn 0.000000 0.000000 1.000000
vn 0.000000 -0.000000 1.000000
vn 0.000000 0.000000 1.000000
vn 0.000000 0.000000 1.000000
vn -0.000001 -1.000000 0.000000
vn -0.000001 -1.000000 0.000000
vn -0.000001 -1.000000 0.000000
vn -0.000001 -1.000000 0.000000
vn 0.000001 1.000000 0.000000
vn 0.000001 1.000000 0.000000
vn 0.000001 1.000000 0.000000
vn 0.000001 1.000000 0.000000
vn 0.000000 0.000000 -1.000000
vn 0.000000 0.000000 -1.000000
vn 0.000000 0.000000 -1.000000
vn 0.000000 0.000000 -1.000000
vn -0.000000 0.000000 1.000000
vn -0.000000 0.000000 1.000000
vn -0.000000 0.000000 1.000000
vn -0.000000 0.000000 1.000000
vn 0.000000 0.000000 1.000000
vn -0.000000 0.000000 1.000000
vn -0.000000 0.000000 1.000000
vn 0.000000 0.000000 1.000000
vn -0.000001 -1.000000 0.000000
vn -0.000001 -1.000000 0.000000
vn -0.000001 -1.000000 0.000000
vn -0.000001 -1.000000 0.000000
vn 0.000000 0.000000 -1.000000
vn 0.000000 0.000000 -1.000000
vn 0.000000 0.000000 -1.000000
vn 0.000000 0.000000 -1.000000
vn 0.000001 1.000000 0.000000
vn 0.000001 1.000000 0.000000
vn 0.000001 1.000000 0.000000
vn 0.000001 1.000000 0.000000
vn 0.000000 0.000000 -1.000000
vn 0.000000 0.000000 -1.000000
vn 0.000000 0.000000 -1.000000
vn 0.000000 0.000000 -1.000000
vn 1.000000 -0.000001 0.000000
vn 1.000000 -0.000001 0.000000
vn 1.000000 -0.000001 0.000000
vn 1.000000 -0.000001 0.000000
vn -0.000001 0.000000 1.000000
vn -0.000001 0.000000 1.000000
vn -0.000001 0.000000 1.000000
vn -0.000001 0.000000 1.000000
vn -1.000000 -0.000001 0.000000
vn -1.000000 -0.000001 0.000000
vn -1.000000 -0.000001 0.000000
vn -1.000000 -0.000001 0.000000
vn 0.000000 0.000000 -1.000000
vn 0.000000 0.000000 -1.000000
vn 0.000000 0.000000 -1.000000
vn 0.000000 0.000000 -1.000000
vn 1.000000 0.000001 0.000000
vn 1.000000 0.000001 0.000000
vn 1.000000 0.000001 0.000000
vn 1.000000 0.000001 0.000000
vn 0.000000 -0.000000 1.000000
vn 0.000000 -0.000000 1.000000
vn 0.000000 -0.000000 1.000000
vn 0.000000 -0.000000 1.000000
vn -1.000000 0.000002 0.000000
vn -1.000000 0.000002 0.000000
vn -1.000000 0.000002 0.000000
vn -1.000000 0.000002 0.000000
vn -1.000000 0.000000 0.000000
vn -1.000000 0.000000 0.000000
vn -1.000000 0.000000 0.000000
vn -1.000000 0.000000 0.000000
vn 1.000000 0.000000 0.000000
vn 1.000000 0.000000 0.000000
vn 0.000000 -1.000000 0.000000
vn 0.000000 -1.000000 0.000000
vn 0.000000 -1.000000 0.000000
vn 0.000000 -1.000000 0.000000
vn 0.000000 1.000000 0.000000
vn 0.000000 1.000000 0.000000
vn 0.000000 1.000000 0.000000
vn 0.000000 1.000000 0.000000
vn 0.000000 1.000000 0.000000
vn 0.000000 1.000000 0.000000
vn 0.000000 -1.000000 0.000000
vn 0.000000 -1.000000 0.000000
vn 1.000000 0.000000 0.000000
vn 1.000000 -0.000000 0.000000
vn 1.000000 -0.000000 0.000000
vn 1.000000 0.000000 0.000000
vn -1.000000 0.000000 0.000000
vn -1.000000 0.000000 0.000000
vn 0.000000 1.000000 0.000000
vn 0.000000 1.000000 0.000000
vn 0.000000 1.000000 0.000000
vn 0.000000 1.000000 0.000000
vn 0.000000 -1.000000 0.000000
vn 0.000000 -1.000000 0.000000
vn -0.000000 -1.000000 0.000000
vn -0.000000 -1.000000 0.000000
vn -0.000000 -1.000000 0.000000
vn -0.000000 -1.000000 0.000000
vn 0.000000 1.000000 0.000000
vn 0.000000 1.000000 0.000000
vn 1.000000 -0.000001 0.000000
vn 1.000000 0.000000 0.000000
vn 1.000000 0.000000 0.000000
vn 1.000000 -0.000001 0.000000
vn -1.000000 -0.000001 0.000000
vn -1.000000 -0.000001 0.000000
vn -1.000000 0.000000 0.000000
vn -1.000000 0.000000 0.000000
vn -1.000000 0.000000 0.000000
vn -1.000000 0.000000 0.000000
vn 1.000000 0.000000 0.000000
vn 1.000000 0.000000 0.000000
vn -0.000001 -1.000000 0.000000
vn -0.000001 -1.000000 0.000000
vn 0.000001 1.000000 0.000000
vn 0.000001 1.000000 0.000000
vn -0.000001 -1.000000 0.000000
vn -0.000001 -1.000000 0.000000
vn 0.000001 1.000000 0.000000
vn 0.000001 1.000000 0.000000
vn 1.000000 -0.000001 0.000000
vn 1.000000 -0.000001 0.000000
vn -1.000000 -0.000001 0.000000
vn -1.000000 -0.000001 0.000000
vn -1.000000 0.000002 0.000000
vn -1.000000 0.000002 0.000000
vn 1.000000 0.000001 0.000000
vn 1.000000 0.000001 0.000000
vn 0.000000 0.000000 1.000000
vn 0.000000 0.000000 1.000000
vn 0.000000 0.000000 1.000000
vn 0.000000 0.000000 1.000000
vn 1.000000 0.000000 0.000000
vn 1.000000 0.000000 0.000000
vn 1.000000 0.000000 0.000000
vn 1.000000 0.000000 0.000000
vn 0.000000 0.000000 -1.000000
vn 0.000000 0.000000 -1.000000
vn 0.000000 0.000000 -1.000000
vn 0.000000 0.000000 -1.000000
vn 0.000000 0.000000 1.000000
vn 0.000000 0.000000 1.000000
vn 0.000000 0.000000 1.000000
vn 0.000000 0.000000 1.000000
vn 0.000000 0.000000 -1.000000
vn 0.000000 0.000000 -1.000000
vn 0.000000 0.000000 -1.000000
vn 0.000000 0.000000 -1.000000
vn 0.000000 0.000000 1.000000
vn 0.000000 0.000000 1.000000
vn 0.000000 0.000000 1.000000
vn 0.000000 0.000000 1.000000
vn 0.000000 0.000000 -1.000000
vn 0.000000 0.000000 -1.000000
vn 0.000000 0.000000 -1.000000
vn 0.000000 0.000000 -1.000000
vn 0.000000 -1.000000 0.000000
vn 0.000000 -1.000000 0.000000
vn 0.000000 -1.000000 0.000000
vn 0.000000 -1.000000 0.000000
vn 1.000000 0.000000 0.000000
vn 1.000000 0.000000 0.000000
vn 1.000000 0.000000 0.000000
vn 1.000000 0.000000 0.000000
vn -1.000000 0.000000 0.000000
vn -1.000000 0.000000 0.000000
vn -1.000000 0.000000 0.000000
vn -1.000000 0.000000 0.000000
vn 0.000000 1.000000 0.000000
vn 0.000000 1.000000 0.000000
vn 0.000000 1.000000 0.000000
vn 0.000000 1.000000 0.000000
vn 0.000000 -1.000000 0.000000
vn 0.000000 -1.000000 0.000000
vn 0.000000 -1.000000 0.000000
vn 0.000000 -1.000000 0.000000
vn 1.000000 0.000000 0.000000
vn 1.000000 0.000000 0.000000
vn 1.000000 0.000000 0.000000
vn 1.000000 0.000000 0.000000
vn -1.000000 -0.000000 0.000000
vn -1.000000 -0.000000 0.000000
vn -1.000000 -0.000000 0.000000
vn -1.000000 -0.000000 0.000000
vn -0.445226 0.895418 0.000000
vn -0.445226 0.895418 0.000000
vn -0.444932 0.895564 0.000000
vn -0.444932 0.895564 0.000000
vn 0.000000 0.000000 -1.000000
vn 0.000000 0.000000 -1.000000
vn 0.000000 0.000000 -1.000000
vn 0.000000 0.000000 -1.000000
vn 0.000000 0.000000 -1.000000
vn 0.000000 0.000000 -1.000000
vn 0.000000 0.000000 -1.000000
vn 0.000000 0.000000 -1.000000
vn 0.000000 0.000000 1.000000
vn -0.000000 0.000000 1.000000
vn -0.000000 0.000000 1.000000
vn 0.000000 0.000000 1.000000
vn -0.000000 0.000000 1.000000
vn 0.000000 -0.000000 1.000000
vn -0.000000 -0.000000 1.000000
vn -0.000000 0.000000 1.000000
vn 0.000000 0.000000 1.000000
vn -0.000000 0.000000 1.000000
vn -0.000000 0.000000 1.000000
vn 0.000000 0.000000 1.000000
vn 0.000000 0.000000 1.000000
vn 0.000000 0.000000 1.000000
vn 0.000000 0.000000 -1.000000
vn 0.000000 0.000000 -1.000000
vn 0.000000 0.000000 -1.000000
vn 0.000000 0.000000 -1.000000
vn 0.000000 0.000000 -1.000000
vn 0.000000 0.000000 -1.000000
vn 0.000000 0.000000 -1.000000
vn 0.000000 0.000000 -1.000000
vn 0.000000 0.000000 -1.000000
vn 0.000000 0.000000 -1.000000
vn -0.000000 0.000000 1.000000
vn -0.000000 0.000000 1.000000
vn -0.000000 0.000000 1.000000
vn -0.000000 0.000000 1.000000
vn 0.000000 0.000000 -1.000000
vn 0.000000 0.000000 -1.000000
vn 0.000000 0.000000 -1.000000
vn 0.000000 0.000000 -1.000000
vn -0.000000 -0.000000 1.000000
vn -0.000000 -0.000000 1.000000
vn 0.000000 -0.000000 1.000000
vn -0.000000 -0.000000 1.000000
vn 0.000000 0.000000 1.000000
vn 0.000000 0.000000 1.000000
vn -0.000000 0.000000 1.000000
vn -0.000000 0.000000 1.000000
vn 0.000000 0.000000 -1.000000
vn 0.000000 0.000000 -1.000000
vn 0.000000 0.000000 -1.000000
vn 0.000000 0.000000 -1.000000
vn -0.000000 0.000000 1.000000
vn -0.000000 0.000000 1.000000
vn -0.000000 0.000000 1.000000
vn -0.000000 0.000000 1.000000
vn 0.000000 0.000000 -1.000000
vn 0.000000 0.000000 -1.000000
vn 0.000000 0.000000 -1.000000
vn 0.000000 0.000000 -1.000000
vn -0.000000 0.000000 1.000000
vn -0.000000 0.000000 1.000000
vn 0.000000 0.000000 1.000000
vn 0.000000 0.000000 1.000000
vn 0.000000 -1.000000 0.000000
vn 0.000000 -1.000000 0.000000
vn 0.000000 -1.000000 0.000000
vn 0.000000 -1.000000 0.000000
vn 0.000000 0.000000 -1.000000
vn 0.000000 0.000000 -1.000000
vn 0.000000 0.000000 -1.000000
vn 0.000000 0.000000 -1.000000
vn 0.000000 0.000000 -1.000000
vn 0.000000 0.000000 -1.000000
vn 0.000000 0.000000 -1.000000
vn 0.000000 0.000000 -1.000000
vn -0.454704 0.890643 0.000000
vn -0.454704 0.890643 0.000000
vn -0.454464 0.890765 0.000000
vn -0.454464 0.890765 0.000000
vn -0.000000 0.000000 1.000000
vn 0.000000 0.000000 1.000000
vn 0.000000 0.000000 1.000000
vn -0.000000 0.000000 1.000000
vn 0.000000 -0.000000 1.000000
vn 0.000000 -0.000000 1.000000
vn 0.000000 0.000000 -1.000000
vn 0.000000 0.000000 -1.000000
vn 0.000000 0.000000 -1.000000
vn 0.000000 0.000000 -1.000000
vn 0.000000 -1.000000 0.000000
vn 0.000000 -1.000000 0.000000
vn 0.000000 -0.000000 1.000000
vn 0.000000 -0.000000 1.000000
vn 0.000000 -0.000000 1.000000
vn 0.000000 -0.000000 1.000000
vn -0.000000 1.000000 0.000000
vn -0.000000 1.000000 0.000000
vn -0.000000 1.000000 0.000000
vn -0.000000 1.000000 0.000000
vn 0.000000 0.000000 -1.000000
vn 0.000000 0.000000 -1.000000
vn 0.000000 -1.000000 0.000000
vn 0.000000 -1.000000 0.000000
vn -0.000000 0.000000 1.000000
vn -0.000000 0.000000 1.000000
vn -0.000000 0.000000 1.000000
vn -0.000000 0.000000 1.000000
vn 1.000000 0.000000 0.000000
vn 1.000000 0.000000 0.000000
vn 1.000000 -0.000001 0.000000
vn 1.000000 -0.000001 0.000000
vn 0.000000 0.000000 -1.000000
vn 0.000000 0.000000 -1.000000
vn 0.000000 0.000000 -1.000000
vn 0.000000 0.000000 -1.000000
vn 0.000000 0.000000 -1.000000
vn 0.000000 0.000000 -1.000000
vn -1.000000 0.000000 0.000000
vn -1.000000 0.000001 0.000000
vn -1.000000 0.000001 0.000000
vn -1.000000 0.000000 0.000000
vn -0.000000 0.000000 1.000000
vn -0.000000 0.000000 1.000000
vn 1.000000 0.000000 0.000000
vn 1.000000 0.000000 0.000000
vn 1.000000 0.000000 0.000000
vn 1.000000 0.000000 0.000000
vn 0.000000 0.000000 -1.000000
vn 0.000000 0.000000 -1.000000
vn 0.000000 0.000000 -1.000000
vn 0.000000 0.000000 -1.000000
vn 0.000000 0.000000 -1.000000
vn 0.000000 0.000000 -1.000000
vn -1.000000 0.000000 0.000000
vn -1.000000 0.000000 0.000000
vn -1.000000 0.000000 0.000000
vn -1.000000 0.000000 0.000000
vn 0.000000 -0.000000 1.000000
vn 0.000000 -0.000000 1.000000
vn -0.000000 0.000000 1.000000
vn -0.000000 -0.000000 1.000000
vn -0.000000 0.000000 1.000000
vn -0.000000 0.000000 1.000000
vn 0.000001 -1.000000 0.000000
vn 0.000001 -1.000000 0.000000
vn 0.000001 -1.000000 0.000000
vn 0.000001 -1.000000 0.000000
vn -0.000001 1.000000 0.000000
vn -0.000001 1.000000 0.000000
vn -0.000001 1.000000 0.000000
vn -0.000001 1.000000 0.000000
vn 0.000000 0.000000 -1.000000
vn 0.000000 0.000000 -1.000000
vn 0.000000 0.000000 -1.000000
vn 0.000000 0.000000 -1.000000
vn 0.000000 0.000000 1.000000
vn 0.000000 0.000000 1.000000
vn 0.000000 0.000000 1.000000
vn 0.000000 0.000000 1.000000
vn -0.000000 0.000000 1.000000
vn -0.000000 0.000000 1.000000
vn 0.000000 0.000000 1.000000
vn 0.000000 0.000000 1.000000
vn 0.000001 -1.000000 0.000000
vn 0.000001 -1.000000 0.000000
vn 0.000001 -1.000000 0.000000
vn 0.000001 -1.000000 0.000000
vn 0.000000 0.000000 -1.000000
vn 0.000000 0.000000 -1.000000
vn 0.000000 0.000000 -1.000000
vn 0.000000 0.000000 -1.000000
vn -0.000001 1.000000 0.000000
vn -0.000001 1.000000 0.000000
vn -0.000001 1.000000 0.000000
vn -0.000001 1.000000 0.000000
vn 0.000000 0.000000 -1.000000
vn 0.000000 0.000000 -1.000000
vn 0.000000 0.000000 -1.000000
vn 0.000000 0.000000 -1.000000
vn -1.000000 -0.000001 0.000000
vn -1.000000 -0.000001 0.000000
vn -1.000000 -0.000001 0.000000
vn -1.000000 -0.000001 0.000000
vn 0.000001 0.000000 1.000000
vn 0.000001 0.000000 1.000000
vn 0.000001 0.000000 1.000000
vn 0.000001 0.000000 1.000000
vn 1.000000 -0.000001 0.000000
vn 1.000000 -0.000001 0.000000
vn 1.000000 -0.000001 0.000000
vn 1.000000 -0.000001 0.000000
vn 0.000000 0.000000 -1.000000
vn 0.000000 0.000000 -1.000000
vn 0.000000 0.000000 -1.000000
vn 0.000000 0.000000 -1.000000
vn -1.000000 0.000001 0.000000
vn -1.000000 0.000001 0.000000
vn -1.000000 0.000001 0.000000
vn -1.000000 0.000001 0.000000
vn 0.000000 -0.000000 1.000000
vn 0.000000 -0.000000 1.000000
vn 0.000000 -0.000000 1.000000
vn 0.000000 -0.000000 1.000000
vn 1.000000 0.000002 0.000000
vn 1.000000 0.000002 0.000000
vn 1.000000 0.000002 0.000000
vn 1.000000 0.000002 0.000000
vn 1.000000 0.000000 0.000000
vn 1.000000 0.000000 0.000000
vn 1.000000 0.000000 0.000000
vn 1.000000 0.000000 0.000000
vn -1.000000 0.000000 0.000000
vn -1.000000 0.000000 0.000000
vn 0.000000 -1.000000 0.000000
vn 0.000000 -1.000000 0.000000
vn 0.000000 -1.000000 0.000000
vn 0.000000 -1.000000 0.000000
vn 0.000000 1.000000 0.000000
vn 0.000000 1.000000 0.000000
vn 0.000000 1.000000 0.000000
vn 0.000000 1.000000 0.000000
vn 0.000000 1.000000 0.000000
vn 0.000000 1.000000 0.000000
vn 0.000000 -1.000000 0.000000
vn 0.000000 -1.000000 0.000000
vn -1.000000 0.000000 0.000000
vn -1.000000 0.000000 0.000000
vn -1.000000 -0.000000 0.000000
vn -1.000000 -0.000000 0.000000
vn 1.000000 0.000000 0.000000
vn 1.000000 0.000000 0.000000
vn 0.000000 1.000000 0.000000
vn 0.000000 1.000000 0.000000
vn 0.000000 1.000000 0.000000
vn 0.000000 1.000000 0.000000
vn 0.000000 -1.000000 0.000000
vn 0.000000 -1.000000 0.000000
vn 0.000000 -1.000000 0.000000
vn 0.000000 -1.000000 0.000000
vn 0.000000 -1.000000 0.000000
vn 0.000000 -1.000000 0.000000
vn -0.000000 1.000000 0.000000
vn -0.000000 1.000000 0.000000
vn -1.000000 -0.000000 0.000000
vn -1.000000 -0.000000 0.000000
vn -1.000000 0.000000 0.000000
vn -1.000000 0.000000 0.000000
vn 1.000000 -0.000001 0.000000
vn 1.000000 -0.000001 0.000000
vn 1.000000 0.000000 0.000000
vn 1.000000 0.000000 0.000000
vn 1.000000 0.000000 0.000000
vn 1.000000 0.000000 0.000000
vn -1.000000 0.000000 0.000000
vn -1.000000 0.000000 0.000000
vn 0.000001 -1.000000 0.000000
vn 0.000001 -1.000000 0.000000
vn -0.000001 1.000000 0.000000
vn -0.000001 1.000000 0.000000
vn 0.000001 -1.000000 0.000000
vn 0.000001 -1.000000 0.000000
vn -0.000001 1.000000 0.000000
vn -0.000001 1.000000 0.000000
vn -1.000000 -0.000001 0.000000
vn -1.000000 -0.000001 0.000000
vn 1.000000 -0.000001 0.000000
vn 1.000000 -0.000001 0.000000
vn 1.000000 0.000002 0.000000
vn 1.000000 0.000002 0.000000
vn -1.000000 0.000001 0.000000
vn -1.000000 0.000001 0.000000
vn -0.000000 -0.000000 1.000000
vn -0.000000 -0.000000 1.000000
vn -0.000000 -0.000000 1.000000
vn -0.000000 -0.000000 1.000000
vn -1.000000 0.000000 0.000000
vn -1.000000 0.000000 0.000000
vn -1.000000 0.000000 0.000000
vn -1.000000 0.000000 0.000000
vn 0.000000 0.000000 -1.000000
vn 0.000000 0.000000 -1.000000
vn 0.000000 0.000000 -1.000000
vn 0.000000 0.000000 -1.000000
vn -0.000000 0.000000 1.000000
vn -0.000000 0.000000 1.000000
vn -0.000000 0.000000 1.000000
vn -0.000000 0.000000 1.000000
vn 0.000000 -0.000000 -1.000000
vn 0.000000 -0.000000 -1.000000
vn 0.000000 -0.000000 -1.000000
vn 0.000000 -0.000000 -1.000000
vn 0.000001 0.000000 1.000000
vn 0.000001 0.000000 1.000000
vn 0.000001 0.000000 1.000000
vn 0.000001 0.000000 1.000000
vn -0.000001 -0.000000 -1.000000
vn -0.000001 -0.000000 -1.000000
vn -0.000001 -0.000000 -1.000000
vn -0.000001 -0.000000 -1.000000
vn 0.000000 -0.000000 -1.000000
vn 0.000000 -0.000000 -1.000000
vn 0.000000 -0.000000 -1.000000
vn 0.000000 -0.000000 -1.000000
vn 0.454849 0.890569 0.000000
vn 0.454849 0.890569 0.000000
vn 0.000000 1.000000 0.000000
vn 0.000000 1.000000 0.000000
vn 0.000000 -1.000000 0.000000
vn 0.000000 -1.000000 0.000000
vn 0.000000 -1.000000 0.000000
vn 0.000000 -1.000000 0.000000
vn -0.000000 0.000000 1.000000
vn -0.000000 0.000000 1.000000
vn -0.000000 0.000000 1.000000
vn -0.000000 0.000000 1.000000
vn -0.000000 0.000000 1.000000
vn -0.000000 0.000000 1.000000
vn -0.000000 -1.000000 0.000000
vn -0.000000 -1.000000 0.000000
vn 0.000000 -0.000000 -1.000000
vn 0.000000 -0.000000 -1.000000
vn -0.454848 0.890569 0.000000
vn -0.454848 0.890569 0.000000
vn 0.000000 -1.000000 0.000000
vn 0.000000 -1.000000 0.000000
vn 0.000000 -1.000000 0.000000
vn 0.000000 -1.000000 0.000000
vn 0.000000 0.000000 1.000000
vn 0.000000 0.000000 1.000000
vn 0.000000 0.000000 1.000000
vn 0.000000 0.000000 1.000000
vn 0.000000 0.000000 -1.000000
vn 0.000000 0.000000 -1.000000
vn 0.000000 0.000000 -1.000000
vn 0.000000 0.000000 -1.000000
vn 0.000000 0.000000 1.000000
vn 0.000000 0.000000 1.000000
vn 0.000000 0.000000 1.000000
vn 0.000000 0.000000 1.000000
vn 0.000000 0.000000 -1.000000
vn 0.000000 0.000000 -1.000000
vn 0.000000 0.000000 -1.000000
vn 0.000000 0.000000 -1.000000
vn -0.000000 0.000000 1.000000
vn -0.000000 0.000000 1.000000
vn -0.000000 0.000000 1.000000
vn -0.000000 0.000000 1.000000
vn 0.000000 0.000000 -1.000000
vn 0.000000 0.000000 -1.000000
vn 0.000000 0.000000 -1.000000
vn 0.000000 0.000000 -1.000000
vn 0.000000 0.000000 -1.000000
vn 0.000000 0.000000 -1.000000
vn 0.000000 0.000000 -1.000000
vn 0.000000 0.000000 -1.000000
vn -0.000000 0.000000 1.000000
vn -0.000000 0.000000 1.000000
vn -0.000000 0.000000 1.000000
vn -0.000000 0.000000 1.000000
vn 0.000000 -1.000000 0.000000
vn 0.000000 -1.000000 0.000000
vn 0.000000 -1.000000 0.000000
vn 0.000000 -1.000000 0.000000
vn 0.000000 0.000000 -1.000000
vn 0.000000 0.000000 -1.000000
vn 0.000000 0.000000 -1.000000
vn 0.000000 0.000000 -1.000000
vn 0.000000 0.000000 1.000000
vn 0.000000 0.000000 1.000000
vn 0.000000 0.000000 1.000000
vn 0.000000 0.000000 1.000000
vn 0.000000 0.000000 -1.000000
vn 0.000000 0.000000 -1.000000
vn 0.000000 0.000000 -1.000000
vn 0.000000 0.000000 -1.000000
vn -0.000000 0.000000 1.000000
vn -0.000000 0.000000 1.000000
vn -0.000000 0.000000 1.000000
vn -0.000000 0.000000 1.000000
vn 0.000000 0.000000 1.000000
vn 0.000000 0.000000 1.000000
vn 0.000000 0.000000 1.000000
vn 0.000000 0.000000 1.000000
vn 0.000000 0.000000 -1.000000
vn 0.000000 0.000000 -1.000000
vn 0.000000 0.000000 -1.000000
vn 0.000000 0.000000 -1.000000
vn 0.000000 0.000000 1.000000
vn 0.000000 0.000000 1.000000
vn 0.000000 0.000000 1.000000
vn 0.000000 0.000000 1.000000
vn 0.000000 0.000000 -1.000000
vn 0.000000 0.000000 -1.000000
vn 0.000000 0.000000 -1.000000
vn 0.000000 0.000000 -1.000000
vn 1.000000 0.000000 0.000000
vn 1.000000 0.000000 0.000000
vn 1.000000 0.000000 0.000000
vn 1.000000 0.000000 0.000000
vn -1.000000 0.000000 0.000000
vn -1.000000 0.000000 0.000000
vn 0.000000 -1.000000 0.000000
vn 0.000000 -1.000000 0.000000
vn 1.000000 0.000000 0.000000
vn 1.000000 0.000000 0.000000
vn 1.000000 0.000000 0.000000
vn 1.000000 0.000000 0.000000
vn -1.000000 0.000000 0.000000
vn -1.000000 0.000000 0.000000
vn -1.000000 0.000000 0.000000
vn -1.000000 0.000000 0.000000
vn -1.000000 0.000000 0.000000
vn -1.000000 0.000000 0.000000
vn 0.000000 -1.000000 0.000000
vn 0.000000 -1.000000 0.000000
vn 1.000000 0.000000 0.000000
vn 1.000000 0.000000 0.000000
vn -1.000000 0.000000 0.000000
vn -1.000000 0.000000 0.000000
vn -1.000000 0.000000 0.000000
vn -1.000000 0.000000 0.000000
vn 1.000000 0.000000 0.000000
vn 1.000000 0.000000 0.000000
vn -0.000000 1.000000 0.000000
vn 0.000000 1.000000 0.000000
vn 0.000000 1.000000 0.000000
vn -0.000000 1.000000 0.000000
vn 0.000000 -1.000000 0.000000
vn 0.000000 -1.000000 0.000000
vn 0.000000 1.000000 0.000000
vn 0.000000 1.000000 0.000000
vn -0.000000 -1.000000 0.000000
s 1
g HouseFront3
usemtl blinn2SG
f 291/727/949 331/728/950 332/729/951 294/730/952
s 2
f 528/667/953 527/668/954 529/669/955 530/670/956
s 3
f 307/927/957 360/928/958 361/929/959 310/930/960
s 4
f 329/991/961 307/992/962 310/993/963 328/994/964
s 5
f 313/997/965 322/998/966 323/999/967 314/1000/968
s 6
f 312/933/969 346/934/970 347/935/971 311/936/972
s 7
f 293/679/973 292/680/974 349/681/975 350/682/976
s 8
f 399/739/977 400/740/978 401/741/979 402/742/980
s 9
f 325/784/981 305/785/982 304/786/983 324/787/984
f 349/795/985 292/800/986 301/801/987 348/796/988
s 11
f 326/851/989 321/852/990 303/853/991 306/854/992
f 350/865/993 345/864/994 302/869/995 293/870/996
f 294/877/997 300/878/998 362/872/999 357/871/1000
f 332/882/1001 327/881/1002 300/878/998 294/877/997
s 9
f 358/809/1003 359/808/1004 297/817/1005 291/818/1006
f 330/816/1007 331/815/1008 291/818/1006 297/817/1005
s 15
f 297/1055/1009 359/1056/1010 360/1057/1011 307/1058/1012
s 16
f 371/1083/1013 372/1084/1014 373/1085/1015 374/1086/1016
s 17
f 330/1061/1017 297/1055/1018 307/1058/1019 329/1062/1020
s 18
f 372/1084/1021 375/666/1022 376/665/1023 373/1085/1024
s 19
f 377/644/1025 378/646/1026 379/647/1027 380/643/1028
s 20
f 324/1075/1029 304/1080/1030 314/1081/1031 323/1076/1032
s 21
f 381/656/1033 382/650/1034 383/649/1035 384/655/1036
s 22
f 348/1079/1037 301/1073/1038 311/1074/1039 347/1078/1040
s 19
f 385/652/1041 386/658/1042 387/657/1043 388/651/1044
s 23
f 317/1003/1045 316/1004/1046 309/1005/1047 308/1006/1048
s 20
f 298/1063/1049 318/1069/1050 317/1070/1051 308/1064/1052
s 9
f 296/797/1053 319/792/1054 318/793/1055 298/798/1056
s 8
f 403/745/1057 404/743/1058 405/744/1059 406/746/1060
s 11
f 295/861/1061 299/862/1062 315/856/1063 320/855/1064
s 19
f 378/646/1026 385/652/1041 388/651/1044 379/647/1027
s 20
f 318/1069/1050 324/1075/1029 323/1076/1032 317/1070/1051
s 9
f 319/792/1054 325/784/981 324/787/984 318/793/1055
s 8
f 404/743/1058 399/739/977 402/742/980 405/744/1059
s 11
f 320/855/1064 315/856/1063 321/852/990 326/851/989
s 18
f 375/666/1022 389/662/1065 390/661/1066 376/665/1023
s 17
f 336/1067/1067 330/1061/1017 329/1062/1020 335/1068/1068
s 9
f 336/807/1069 337/806/1070 331/815/1008 330/816/1007
s 1
f 332/729/951 331/728/950 337/731/1071 338/732/1072
s 11
f 338/876/1073 333/875/1074 327/881/1002 332/882/1001
s 18
f 389/662/1065 381/656/1075 384/655/1076 390/661/1066
s 25
f 311/1009/1077 335/1010/1078 334/1011/1079 312/1012/1080
s 17
f 301/1073/1081 336/1067/1067 335/1068/1068 311/1074/1082
s 9
f 301/801/987 292/800/986 337/806/1070 336/807/1069
s 1
f 338/732/1072 337/731/1071 292/735/1083 293/736/1084
s 11
f 293/870/996 302/869/995 333/875/1074 338/876/1073
s 21
f 391/645/1085 377/644/1086 380/643/1087 392/648/1088
s 26
f 341/939/1089 340/940/1090 313/941/1091 314/942/1092
s 22
f 304/1080/1093 342/1082/1094 341/1077/1095 314/1081/1096
s 9
f 305/785/982 343/790/1097 342/791/1098 304/786/983
s 7
f 344/684/1099 343/683/1100 305/685/1101 306/686/1102
s 11
f 303/853/991 339/857/1103 344/858/1104 306/854/992
s 21
f 382/650/1034 391/645/1085 392/648/1088 383/649/1035
s 22
f 342/1082/1094 348/1079/1037 347/1078/1040 341/1077/1095
s 9
f 343/790/1097 349/795/985 348/796/988 342/791/1098
s 7
f 350/682/976 349/681/975 343/683/1100 344/684/1099
s 11
f 344/858/1104 339/857/1103 345/864/994 350/865/993
s 2
f 532/674/1105 531/673/1106 533/676/1107 534/677/1108
s 9
f 296/797/1053 298/798/1056 353/802/1109 352/803/1110
s 15
f 354/1060/1111 353/1059/1112 298/1063/1113 308/1064/1114
s 27
f 355/945/1115 354/946/1116 308/947/1117 309/948/1118
s 16
f 386/658/1119 393/664/1120 394/663/1121 387/657/1122
s 11
f 351/866/1123 356/867/1124 299/862/1062 295/861/1061
s 2
f 530/670/956 529/669/955 531/673/1106 532/674/1105
s 9
f 352/803/1110 353/802/1109 359/808/1004 358/809/1003
s 15
f 360/1057/1011 359/1056/1010 353/1059/1112 354/1060/1111
s 16
f 393/664/1120 371/1083/1013 374/1086/1016 394/663/1121
s 11
f 357/871/1000 362/872/999 356/867/1124 351/866/1123
s 28
f 347/1015/1125 346/1016/1126 368/1017/1127 369/1018/1128
s 29
f 340/1021/1129 341/1022/1130 370/1023/1131 367/1024/1132
s 30
f 341/1077/1133 347/1078/1134 369/1072/1135 370/1071/1136
s 31
f 395/654/1137 383/649/1138 392/648/1139 396/653/1140
f 374/1086/1141 397/660/1142 398/659/1143 394/663/1144
s 32
f 365/1027/1145 364/1028/1146 361/1029/1147 360/1030/1148
s 30
f 366/1065/1149 365/1066/1150 360/1057/1151 354/1060/1152
s 33
f 363/1033/1153 366/1034/1154 354/1035/1155 355/1036/1156
s 31
f 397/660/1142 395/654/1137 396/653/1140 398/659/1143
s 30
f 370/1071/1136 369/1072/1135 365/1066/1150 366/1065/1149
s off
f 335/1068/1157 329/1062/1158 365/1066/1159 369/1072/1160
s 34
f 334/951/1161 335/952/1162 369/953/1163 368/954/1164
s off
f 376/665/1165 390/661/1166 395/654/1167 397/660/1168
s 35
f 329/957/1169 328/958/1170 364/959/1171 365/960/1172
s off
f 317/1070/1173 323/1076/1174 370/1071/1175 366/1065/1176
s 36
f 323/963/1177 322/964/1178 367/965/1179 370/966/1180
s off
f 379/647/1181 388/651/1182 398/659/1183 396/653/1184
s 37
f 316/969/1185 317/970/1186 366/971/1187 363/972/1188
s 38
f 362/975/1189 300/976/1190 372/977/1191 371/978/1192
s 3
f 310/930/960 361/929/959 374/931/1193 373/932/1194
s 39
f 300/1039/1195 327/1040/1196 375/1041/1197 372/1042/1198
s 4
f 328/994/964 310/993/963 373/995/1199 376/996/1200
s 40
f 303/1047/1201 321/1048/1202 378/1049/1203 377/1050/1204
s 5
f 322/998/966 313/997/965 380/1001/1205 379/1002/1206
s 41
f 302/983/1207 345/984/1208 382/985/1209 381/986/1210
s 6
f 346/934/970 312/933/969 384/937/1211 383/938/1212
s 40
f 315/1051/1213 299/1053/1214 386/1054/1215 385/1052/1216
s 23
f 309/1005/1047 316/1004/1046 388/1007/1217 387/1008/1218
s 40
f 321/1048/1202 315/1051/1213 385/1052/1216 378/1049/1203
s 39
f 327/1040/1196 333/1043/1219 389/1044/1220 375/1041/1197
f 333/1043/1219 302/1045/1221 381/1046/1222 389/1044/1220
s 25
f 312/1012/1080 334/1011/1079 390/1013/1223 384/1014/1224
s 41
f 339/987/1225 303/989/1226 377/990/1227 391/988/1228
s 26
f 313/941/1091 340/940/1090 392/943/1229 380/944/1230
s 41
f 345/984/1208 339/987/1225 391/988/1228 382/985/1209
s 38
f 299/981/1231 356/979/1232 393/980/1233 386/982/1234
s 27
f 355/945/1115 309/948/1118 387/949/1235 394/950/1236
s 38
f 356/979/1232 362/975/1189 371/978/1192 393/980/1233
s 28
f 368/1017/1127 346/1016/1126 383/1019/1237 395/1020/1238
s 29
f 340/1021/1129 367/1024/1132 396/1025/1239 392/1026/1240
s 32
f 361/1029/1147 364/1028/1146 397/1031/1241 374/1032/1242
s 33
f 363/1033/1153 355/1036/1156 394/1037/1243 398/1038/1244
s 34
f 334/951/1161 368/954/1164 395/955/1245 390/956/1246
s 35
f 364/959/1171 328/958/1170 376/961/1247 397/962/1248
s 37
f 316/969/1185 363/972/1188 398/973/1249 388/974/1250
s 36
f 367/965/1179 322/964/1178 379/967/1251 396/968/1252
s off
f 326/851/1253 306/854/1254 400/859/1255 399/860/1256
f 306/686/1257 305/685/1258 401/687/1259 400/688/1260
f 305/785/1261 325/784/1262 402/788/1263 401/789/1264
f 295/861/1265 320/855/1266 404/863/1267 403/868/1268
f 319/792/1269 296/797/1270 406/799/1271 405/794/1272
f 320/855/1273 326/851/1274 399/860/1275 404/863/1276
f 325/784/1277 319/792/1278 405/794/1279 402/788/1280
s 42
f 407/757/1281 410/758/1282 448/759/1283 447/760/1284
s 43
f 536/689/1285 535/690/1286 537/691/1287 538/692/1288
s 44
f 423/1087/1289 426/1088/1290 477/1089/1291 476/1090/1292
s 45
f 445/1151/1293 444/1152/1294 426/1153/1295 423/1154/1296
s 46
f 429/1157/1297 430/1158/1298 439/1159/1299 438/1160/1300
s 47
f 428/1093/1301 427/1094/1302 463/1095/1303 462/1096/1304
s 48
f 409/701/1305 466/702/1306 465/703/1307 408/704/1308
s 49
f 515/754/1309 518/753/1310 517/755/1311 516/756/1312
s 50
f 441/826/1313 440/835/1314 420/839/1315 421/833/1316
f 465/846/1317 464/845/1318 417/849/1319 408/850/1320
s 52
f 442/886/1321 422/890/1322 419/894/1323 437/891/1324
f 466/901/1325 409/905/1326 418/906/1327 461/902/1328
f 410/899/1329 473/895/1330 478/896/1331 416/900/1332
f 448/903/1333 410/899/1329 416/900/1332 443/904/1334
s 50
f 474/831/1335 407/837/1336 413/840/1337 475/836/1338
f 446/843/1339 413/840/1337 407/837/1336 447/844/1340
s 56
f 413/1215/1341 423/1216/1342 476/1217/1343 475/1218/1344
s 57
f 487/1243/1345 490/1244/1346 489/1245/1347 488/1246/1348
s 58
f 446/1219/1349 445/1220/1350 423/1216/1351 413/1215/1352
s 59
f 488/1246/1353 489/1245/1354 492/1249/1355 491/1250/1356
s 60
f 493/1268/1357 496/1269/1358 495/1264/1359 494/1263/1360
s 61
f 440/1239/1361 439/1237/1362 430/1241/1363 420/1242/1364
s 62
f 497/1262/1365 500/1261/1366 499/1266/1367 498/1267/1368
s 63
f 464/1235/1369 463/1236/1370 427/1230/1371 417/1229/1372
s 60
f 501/1257/1373 504/1258/1374 503/1252/1375 502/1251/1376
s 64
f 433/1163/1377 424/1164/1378 425/1165/1379 432/1166/1380
s 61
f 414/1228/1381 424/1227/1382 433/1233/1383 434/1234/1384
s 50
f 412/813/1385 414/828/1386 434/829/1387 435/821/1388
s 49
f 519/750/1389 522/749/1390 521/751/1391 520/752/1392
s 52
f 411/880/1393 436/884/1394 431/887/1395 415/888/1396
s 60
f 494/1263/1360 495/1264/1359 504/1258/1374 501/1257/1373
s 61
f 434/1234/1384 433/1233/1383 439/1237/1362 440/1239/1361
s 50
f 435/821/1388 434/829/1387 440/835/1314 441/826/1313
s 49
f 520/752/1392 521/751/1391 518/753/1310 515/754/1309
s 52
f 436/884/1394 442/886/1321 437/891/1324 431/887/1395
s 59
f 491/1250/1356 492/1249/1355 506/1255/1397 505/1256/1398
s 58
f 452/1223/1399 451/1224/1400 445/1220/1350 446/1219/1349
s 50
f 452/847/1401 446/843/1339 447/844/1340 453/848/1402
s 42
f 448/759/1283 454/763/1403 453/764/1404 447/760/1284
s 52
f 454/907/1405 448/903/1333 443/904/1334 449/908/1406
s 59
f 505/1256/1398 506/1255/1397 500/1261/1407 497/1262/1408
s 66
f 427/1169/1409 428/1170/1410 450/1171/1411 451/1172/1412
s 58
f 417/1229/1413 427/1230/1414 451/1224/1400 452/1223/1399
s 50
f 417/849/1319 452/847/1401 453/848/1402 408/850/1320
s 42
f 454/763/1403 409/767/1415 408/768/1416 453/764/1404
s 52
f 409/905/1326 454/907/1405 449/908/1406 418/906/1327
s 62
f 507/1270/1417 508/1265/1418 496/1269/1419 493/1268/1420
s 67
f 457/1099/1421 430/1100/1422 429/1101/1423 456/1102/1424
s 63
f 420/1242/1425 430/1241/1426 457/1238/1427 458/1240/1428
s 50
f 421/833/1316 420/839/1315 458/841/1429 459/842/1430
s 48
f 460/705/1431 422/707/1432 421/708/1433 459/706/1434
s 52
f 419/894/1323 422/890/1322 460/897/1435 455/898/1436
s 62
f 498/1267/1368 499/1266/1367 508/1265/1418 507/1270/1417
s 63
f 458/1240/1428 457/1238/1427 463/1236/1370 464/1235/1369
s 50
f 459/842/1430 458/841/1429 464/845/1318 465/846/1317
s 48
f 466/702/1306 460/705/1431 459/706/1434 465/703/1307
s 52
f 460/897/1435 466/901/1325 461/902/1328 455/898/1436
s 43
f 540/693/1437 539/697/1438 541/698/1439 542/694/1440
s 50
f 412/813/1385 468/824/1441 469/830/1442 414/828/1386
s 56
f 470/1221/1443 424/1227/1444 414/1228/1445 469/1222/1446
s 69
f 471/1105/1447 425/1106/1448 424/1107/1449 470/1108/1450
s 57
f 502/1251/1451 503/1252/1452 510/1248/1453 509/1247/1454
s 52
f 467/892/1455 411/880/1393 415/888/1396 472/893/1456
s 43
f 535/690/1286 540/693/1437 542/694/1440 537/691/1287
s 50
f 468/824/1441 474/831/1335 475/836/1338 469/830/1442
s 56
f 476/1217/1343 470/1221/1443 469/1222/1446 475/1218/1344
s 57
f 509/1247/1454 510/1248/1453 490/1244/1346 487/1243/1345
s 52
f 473/895/1330 467/892/1455 472/893/1456 478/896/1331
s 70
f 463/1175/1457 485/1176/1458 484/1177/1459 462/1178/1460
s 71
f 456/1181/1461 483/1182/1462 486/1183/1463 457/1184/1464
s 72
f 457/1238/1465 486/1232/1466 485/1231/1467 463/1236/1468
s 73
f 511/1260/1469 512/1259/1470 508/1265/1471 499/1266/1472
f 490/1244/1473 510/1248/1474 514/1253/1475 513/1254/1476
s 74
f 481/1187/1477 476/1188/1478 477/1189/1479 480/1190/1480
s 72
f 482/1225/1481 470/1221/1482 476/1217/1483 481/1226/1484
s 75
f 479/1193/1485 471/1194/1486 470/1195/1487 482/1196/1488
s 73
f 513/1254/1476 514/1253/1475 512/1259/1470 511/1260/1469
s 72
f 486/1232/1466 482/1225/1481 481/1226/1484 485/1231/1467
s off
f 451/1224/1489 485/1231/1490 481/1226/1491 445/1220/1492
s 76
f 450/1111/1493 484/1112/1494 485/1113/1495 451/1114/1496
s off
f 492/1249/1497 513/1254/1498 511/1260/1499 506/1255/1500
s 77
f 445/1117/1501 481/1118/1502 480/1119/1503 444/1120/1504
s off
f 433/1233/1505 482/1225/1506 486/1232/1507 439/1237/1508
s 78
f 439/1123/1509 486/1124/1510 483/1125/1511 438/1126/1512
s off
f 495/1264/1513 512/1259/1514 514/1253/1515 504/1258/1516
s 79
f 432/1129/1517 479/1130/1518 482/1131/1519 433/1132/1520
s 80
f 478/1135/1521 487/1136/1522 488/1137/1523 416/1138/1524
s 44
f 426/1088/1290 489/1091/1525 490/1092/1526 477/1089/1291
s 81
f 416/1199/1527 488/1200/1528 491/1201/1529 443/1202/1530
s 45
f 444/1152/1294 492/1155/1531 489/1156/1532 426/1153/1295
s 82
f 419/1207/1533 493/1208/1534 494/1209/1535 437/1210/1536
s 46
f 438/1160/1300 495/1161/1537 496/1162/1538 429/1157/1297
s 83
f 418/1143/1539 497/1144/1540 498/1145/1541 461/1146/1542
s 47
f 462/1096/1304 499/1097/1543 500/1098/1544 428/1093/1301
s 82
f 431/1212/1545 501/1211/1546 502/1213/1547 415/1214/1548
s 64
f 425/1165/1379 503/1167/1549 504/1168/1550 432/1166/1380
s 82
f 437/1210/1536 494/1209/1535 501/1211/1546 431/1212/1545
s 81
f 443/1202/1530 491/1201/1529 505/1203/1551 449/1204/1552
f 449/1204/1552 505/1203/1551 497/1205/1553 418/1206/1554
s 66
f 428/1170/1410 500/1173/1555 506/1174/1556 450/1171/1411
s 83
f 455/1148/1557 507/1147/1558 493/1149/1559 419/1150/1560
s 67
f 429/1101/1423 496/1103/1561 508/1104/1562 456/1102/1424
s 83
f 461/1146/1542 498/1145/1541 507/1147/1558 455/1148/1557
s 80
f 415/1141/1563 502/1142/1564 509/1140/1565 472/1139/1566
s 69
f 471/1105/1447 510/1109/1567 503/1110/1568 425/1106/1448
s 80
f 472/1139/1566 509/1140/1565 487/1136/1522 478/1135/1521
s 70
f 484/1177/1459 511/1179/1569 499/1180/1570 462/1178/1460
s 71
f 456/1181/1461 508/1185/1571 512/1186/1572 483/1182/1462
s 74
f 477/1189/1479 490/1191/1573 513/1192/1574 480/1190/1480
s 75
f 479/1193/1485 514/1197/1575 510/1198/1576 471/1194/1486
s 76
f 450/1111/1493 506/1115/1577 511/1116/1578 484/1112/1494
s 77
f 480/1119/1503 513/1121/1579 492/1122/1580 444/1120/1504
s 79
f 432/1129/1517 504/1133/1581 514/1134/1582 479/1130/1518
s 78
f 483/1125/1511 512/1127/1583 495/1128/1584 438/1126/1512
s off
f 442/886/1585 515/885/1586 516/889/1587 422/890/1588
f 422/707/1589 516/709/1590 517/710/1591 421/708/1592
f 421/833/1593 517/834/1594 518/827/1595 441/826/1596
f 411/880/1597 519/879/1598 520/883/1599 436/884/1600
f 435/821/1601 521/822/1602 522/814/1603 412/813/1604
f 436/884/1605 520/883/1606 515/885/1607 442/886/1608
f 441/826/1609 518/827/1610 521/822/1611 435/821/1612
s 84
f 406/799/1613 296/797/1614 525/804/1615 526/805/1616
s 85
f 403/745/1617 406/746/1618 526/747/1619 523/748/1620
s 86
f 534/769/1621 533/770/1622 543/771/1623 544/772/1624
s 87
f 295/861/1625 403/868/1626 523/873/1627 524/874/1628
f 524/874/1628 523/873/1627 519/879/1629 411/880/1630
s 86
f 544/772/1624 543/771/1623 541/775/1631 539/776/1632
s 84
f 526/805/1616 525/804/1615 412/813/1633 522/814/1634
s 85
f 523/748/1620 526/747/1619 522/749/1635 519/750/1636
s 88
f 291/727/1637 294/730/1638 527/733/1639 528/734/1640
s off
f 545/909/1641 546/910/1642 547/911/1643 548/912/1644
f 358/809/1645 291/818/1646 528/823/1647 530/819/1648
f 549/913/1649 550/915/1650 551/916/1651 552/914/1652
f 296/797/1653 352/803/1654 532/810/1655 534/811/1656
f 546/910/1657 549/913/1658 552/914/1659 547/911/1660
f 352/803/1661 358/809/1662 530/819/1663 532/810/1664
f 407/837/1665 474/831/1666 535/832/1667 536/838/1668
f 554/923/1669 553/925/1670 555/926/1671 556/924/1672
s 89
f 410/758/1673 407/757/1674 536/761/1675 538/762/1676
s off
f 468/824/1677 412/813/1678 539/820/1679 540/825/1680
f 558/919/1681 557/921/1682 559/922/1683 560/920/1684
f 474/831/1685 468/824/1686 540/825/1687 535/832/1688
f 557/921/1689 554/923/1690 556/924/1691 559/922/1692
f 550/915/1693 561/917/1694 562/918/1695 551/916/1696
f 525/804/1697 296/797/1698 534/811/1699 544/812/1700
f 561/917/1701 558/919/1702 560/920/1703 562/918/1704
f 412/813/1705 525/804/1706 544/812/1707 539/820/1708
s 90
f 294/711/1709 357/712/1710 546/713/1711 545/714/1712
s 2
f 529/669/955 527/668/954 548/671/1713 547/672/1714
s 88
f 527/733/1639 294/730/1638 545/737/1715 548/738/1716
s 90
f 351/715/1717 295/717/1718 550/718/1719 549/716/1720
s 2
f 533/676/1107 531/673/1106 552/675/1721 551/678/1722
s 90
f 357/712/1710 351/715/1717 549/716/1720 546/713/1711
s 2
f 531/673/1106 529/669/955 547/672/1714 552/675/1721
s 91
f 473/719/1723 410/720/1724 553/721/1725 554/722/1726
s 89
f 410/758/1673 538/762/1676 555/765/1727 553/766/1728
s 43
f 538/692/1288 537/691/1287 556/695/1729 555/696/1730
s 91
f 411/725/1731 467/723/1732 557/724/1733 558/726/1734
s 43
f 542/694/1440 541/698/1439 560/700/1735 559/699/1736
s 91
f 467/723/1732 473/719/1723 554/722/1726 557/724/1733
s 43
f 537/691/1287 542/694/1440 559/699/1736 556/695/1729
s 92
f 295/778/1737 524/779/1738 561/780/1739 550/781/1740
s 86
f 543/771/1623 533/770/1622 551/773/1741 562/774/1742
s 92
f 524/779/1738 411/782/1743 558/783/1744 561/780/1739
s 86
f 541/775/1631 543/771/1623 562/774/1742 560/777/1745
